INFO  2026-08-01 17:36:10,463 [MainThread] serena.cli:start_mcp_server:355 - Initializing Serena MCP server
INFO  2026-08-01 17:36:10,464 [MainThread] serena.cli:start_mcp_server:356 - Storing logs in C:\Users\ragha\.serena\logs\2026-08-01\mcp_20260801-173610_30560.txt
INFO  2026-08-01 17:36:10,466 [MainThread] serena.config.serena_config:from_config_file:1041 - Loading Serena configuration from C:\Users\ragha\.serena\serena_config.yml
INFO  2026-08-01 17:36:10,584 [MainThread] serena.agent:__init__:632 - Will record tool usage statistics with token count estimator: CHAR_COUNT.
INFO  2026-08-01 17:36:10,612 [MainThread] serena.agent:__init__:636 - Starting Serena server (version=1.6.2.dev0, process id=30560, parent process id=31416; language backend=LSP); Python version=3.13.5, platform=Windows-11-10.0.26200-SP0
INFO  2026-08-01 17:36:10,612 [MainThread] serena.agent:__init__:640 - Configuration file: C:\Users\ragha\.serena\serena_config.yml
INFO  2026-08-01 17:36:10,612 [MainThread] serena.agent:__init__:641 - Available projects: django, r5-serena, repowise-self
INFO  2026-08-01 17:36:10,612 [MainThread] serena.agent:__init__:642 - Loaded tools (52): create_text_file, replace_content, replace_in_files, delete_lines, replace_lines, insert_at_line, replace_symbol_body, insert_after_symbol, insert_before_symbol, read_file, list_dir, find_file, search_for_pattern, restart_language_server, get_symbols_overview, find_symbol, find_referencing_symbols, find_implementations, find_declaration, get_diagnostics_for_file, get_diagnostics_for_symbol, rename_symbol, safe_delete_symbol, write_memory, read_memory, list_memories, delete_memory, rename_memory, edit_memory, execute_shell_command, open_dashboard, activate_project, remove_project, get_current_config, onboarding, initial_instructions, serena_info, jet_brains_find_symbol, jet_brains_move, jet_brains_safe_delete, jet_brains_inline_symbol, jet_brains_find_referencing_symbols, jet_brains_get_symbols_overview, jet_brains_type_hierarchy, jet_brains_find_declaration, jet_brains_find_implementations, jet_brains_rename, jet_brains_debug, jet_brains_run_inspections, jet_brains_list_inspections, list_queryable_projects, query_project
INFO  2026-08-01 17:36:10,612 [MainThread] serena.config.serena_config:determine_language_backend:1452 - Using language backend from global configuration: LSP
INFO  2026-08-01 17:36:10,632 [MainThread] serena.config.serena_config:start:329 - Loading project instance for RegisteredProject[project_root=C:\Users\ragha\Desktop\bakeoff\r5-serena, project_config=ProjectConfig[project_name=r5-serena]] starting ...
INFO  2026-08-01 17:36:10,632 [MainThread] serena.project:__init__:45 - Serena project data folder: C:\Users\ragha\Desktop\bakeoff\r5-serena\.serena
INFO  2026-08-01 17:36:10,633 [gather-ignorespec[r5-serena]] serena.project:start:329 - Gathering ignore spec for project r5-serena starting ...
INFO  2026-08-01 17:36:10,633 [MainThread] serena.config.serena_config:stop:336 - Loading project instance for RegisteredProject[project_root=C:\Users\ragha\Desktop\bakeoff\r5-serena, project_config=ProjectConfig[project_name=r5-serena]] completed in 0.001 seconds
INFO  2026-08-01 17:36:10,633 [gather-ignorespec[r5-serena]] serena.util.file_system:start:329 - Loading of .gitignore files starting ...
INFO  2026-08-01 17:36:10,633 [MainThread] serena.agent:activate_project_from_path_or_name:1311 - Found registered project 'r5-serena' at path C:\Users\ragha\Desktop\bakeoff\r5-serena
INFO  2026-08-01 17:36:10,633 [MainThread] serena.agent:_activate_project:1179 - Activating r5-serena at C:\Users\ragha\Desktop\bakeoff\r5-serena
INFO  2026-08-01 17:36:10,633 [gather-ignorespec[r5-serena]] serena.util.file_system:_load_gitignore_files:152 - Processing .gitignore file: C:\Users\ragha\Desktop\bakeoff\r5-serena\.gitignore
INFO  2026-08-01 17:36:10,633 [MainThread] serena.task_executor:issue_task:217 - Scheduling Task-1:init_project_services
INFO  2026-08-01 17:36:10,633 [MainThread] serena.agent:_update_active_modes:1087 - Active modes (2): editing, interactive
INFO  2026-08-01 17:36:10,711 [MainThread] serena.agent:_create_base_toolset:814 - Number of exposed tools: 29
INFO  2026-08-01 17:36:10,712 [MainThread] serena.agent:__init__:682 - Number of exposed tools: 29. Exposed tools: ['activate_project', 'create_text_file', 'delete_memory', 'edit_memory', 'execute_shell_command', 'find_declaration', 'find_file', 'find_implementations', 'find_referencing_symbols', 'find_symbol', 'get_current_config', 'get_diagnostics_for_file', 'get_symbols_overview', 'initial_instructions', 'insert_after_symbol', 'insert_before_symbol', 'list_dir', 'list_memories', 'onboarding', 'read_file', 'read_memory', 'rename_memory', 'rename_symbol', 'replace_content', 'replace_in_files', 'replace_symbol_body', 'safe_delete_symbol', 'search_for_pattern', 'write_memory']
INFO  2026-08-01 17:36:10,713 [MainThread] serena.agent:_update_active_tools:1105 - Active tools (29): activate_project, create_text_file, delete_memory, edit_memory, execute_shell_command, find_declaration, find_file, find_implementations, find_referencing_symbols, find_symbol, get_current_config, get_diagnostics_for_file, get_symbols_overview, initial_instructions, insert_after_symbol, insert_before_symbol, list_dir, list_memories, onboarding, read_file, read_memory, rename_memory, rename_symbol, replace_content, replace_in_files, replace_symbol_body, safe_delete_symbol, search_for_pattern, write_memory
INFO  2026-08-01 17:36:10,713 [SerenaAgentTaskExecutor] serena.task_executor:_process_task_queue:139 - Starting execution of Task-1:init_project_services
INFO  2026-08-01 17:36:10,714 [gather-ignorespec[r5-serena]] serena.util.file_system:_load_gitignore_files:152 - Processing .gitignore file: C:\Users\ragha\Desktop\bakeoff\r5-serena\.serena\.gitignore
INFO  2026-08-01 17:36:10,714 [Task-1:init_project_services] serena.task_executor:start:329 - Task-1:init_project_services starting ...
INFO  2026-08-01 17:36:10,714 [Task-1:init_project_services] serena.agent:start:329 - Language server initialization starting ...
INFO  2026-08-01 17:36:10,715 [Task-1:init_project_services] serena.project:create_language_server_manager:480 - Creating language server manager for C:\Users\ragha\Desktop\bakeoff\r5-serena
INFO  2026-08-01 17:36:10,715 [Task-1:init_project_services] serena.project:_ignored_patterns:202 - Waiting for ignored patterns to become available ...
INFO  2026-08-01 17:36:10,724 [gather-ignorespec[r5-serena]] serena.util.file_system:_load_gitignore_files:152 - Processing .gitignore file: C:\Users\ragha\Desktop\bakeoff\r5-serena\packages\vscode\.gitignore
INFO  2026-08-01 17:36:10,725 [gather-ignorespec[r5-serena]] serena.util.file_system:_load_gitignore_files:152 - Processing .gitignore file: C:\Users\ragha\Desktop\bakeoff\r5-serena\packages\web\.gitignore
INFO  2026-08-01 17:36:10,738 [gather-ignorespec[r5-serena]] serena.util.file_system:_load_gitignore_files:152 - Processing .gitignore file: C:\Users\ragha\Desktop\bakeoff\r5-serena\tests\fixtures\sample_repo\.gitignore
INFO  2026-08-01 17:36:10,864 [gather-ignorespec[r5-serena]] serena.util.file_system:stop:336 - Loading of .gitignore files completed in 0.232 seconds
INFO  2026-08-01 17:36:10,866 [gather-ignorespec[r5-serena]] serena.project:stop:336 - Gathering ignore spec for project r5-serena completed in 0.234 seconds
INFO  2026-08-01 17:36:10,866 [Task-1:init_project_services] serena.project:_ignored_patterns:205 - Ignored patterns are now available for project; proceeding
INFO  2026-08-01 17:36:10,867 [StartLS:python] sensai.util.logging:start:329 - Language server startup (language=python) starting ...
INFO  2026-08-01 17:36:10,867 [StartLS:python] serena.ls_manager:create_language_server:58 - Creating language server instance for C:\Users\ragha\Desktop\bakeoff\r5-serena, language=python.
INFO  2026-08-01 17:36:10,883 [StartLS:python] solidlsp.ls:_load_raw_document_symbols_cache:3003 - Loading document symbols cache from C:\Users\ragha\Desktop\bakeoff\r5-serena\.serena\cache\python\raw_document_symbols.pkl
INFO  2026-08-01 17:36:11,134 [StartLS:python] solidlsp.ls:_load_raw_document_symbols_cache:3008 - Loaded 1847 entries from raw document symbols cache.
INFO  2026-08-01 17:36:11,135 [StartLS:python] solidlsp.ls:_load_document_symbols_cache:3038 - Loading document symbols cache from C:\Users\ragha\Desktop\bakeoff\r5-serena\.serena\cache\python\document_symbols.pkl
INFO  2026-08-01 17:36:11,480 [MainThread] serena.mcp:create_mcp_server:384 - MCP server initial instructions:
CRITICAL: Before starting to work on a coding task, call the `initial_instructions` tool to read the 'Serena Instructions Manual'.
INFO  2026-08-01 17:36:11,482 [MainThread] serena.cli:start_mcp_server:399 - Starting MCP server …
INFO  2026-08-01 17:36:11,524 [MainThread] serena.mcp:_set_mcp_tools:307 - Starting MCP server with 29 tools: ['create_text_file', 'replace_content', 'replace_in_files', 'replace_symbol_body', 'insert_after_symbol', 'insert_before_symbol', 'read_file', 'list_dir', 'find_file', 'search_for_pattern', 'get_symbols_overview', 'find_symbol', 'find_referencing_symbols', 'find_implementations', 'find_declaration', 'get_diagnostics_for_file', 'rename_symbol', 'safe_delete_symbol', 'write_memory', 'read_memory', 'list_memories', 'delete_memory', 'rename_memory', 'edit_memory', 'execute_shell_command', 'activate_project', 'get_current_config', 'onboarding', 'initial_instructions']
INFO  2026-08-01 17:36:11,524 [MainThread] serena.mcp:server_lifespan:408 - MCP server lifetime setup complete
INFO  2026-08-01 17:36:11,528 [MainThread] mcp.server.lowlevel.server:_handle_request:733 - Processing request of type ListToolsRequest
INFO  2026-08-01 17:36:11,535 [MainThread] mcp.server.lowlevel.server:_handle_request:733 - Processing request of type CallToolRequest
INFO  2026-08-01 17:36:11,535 [MainThread] serena.task_executor:issue_task:217 - Scheduling Task-2:ActivateProjectTool
INFO  2026-08-01 17:36:12,580 [StartLS:python] solidlsp.ls:_load_document_symbols_cache:3043 - Loaded 1888 entries from document symbols cache.
INFO  2026-08-01 17:36:12,587 [StartLS:python] solidlsp.ls:start:3134 - Starting language server python for C:\Users\ragha\Desktop\bakeoff\r5-serena
INFO  2026-08-01 17:36:12,587 [StartLS:python] solidlsp.language_servers.pyright_server:_start_server:216 - Starting pyright-langserver server process
INFO  2026-08-01 17:36:12,587 [StartLS:python] solidlsp.ls_process:_start:514 - Starting language server process via command: ['C:\\Users\\ragha\\.local\\bin\\uvx.EXE', '-p', '3.13', '--from', 'pyright==1.1.403', 'pyright-langserver', '--stdio']
INFO  2026-08-01 17:36:12,596 [StartLS:python] solidlsp.initialize_params:_apply_updates:61 - Workspace folders: ['C:\\Users\\ragha\\Desktop\\bakeoff\\r5-serena']
INFO  2026-08-01 17:36:12,596 [StartLS:python] solidlsp.language_servers.pyright_server:_start_server:222 - Sending initialize request from LSP client to pyright server and awaiting response
INFO  2026-08-01 17:36:13,033 [LSP-stdout-reader:python] solidlsp.language_servers.pyright_server:window_log_message:138 - LSP: window/logMessage: Pyright language server 1.1.403 starting
INFO  2026-08-01 17:36:13,033 [LSP-stdout-reader:python] solidlsp.language_servers.pyright_server:window_log_message:138 - LSP: window/logMessage: Server root directory: file:///c%3A/Users/ragha/AppData/Local/uv/cache/archive-v0/bbog9BRG2SdcNGvoOY-Mt/Lib/site-packages/pyright/dist/dist
INFO  2026-08-01 17:36:13,037 [LSP-stdout-reader:python] solidlsp.language_servers.pyright_server:window_log_message:138 - LSP: window/logMessage: Starting service instance "r5-serena"
INFO  2026-08-01 17:36:13,037 [StartLS:python] solidlsp.language_servers.pyright_server:_start_server:224 - Received initialize response from pyright server: {'capabilities': {'textDocumentSync': 2, 'definitionProvider': {'workDoneProgress': True}, 'declarationProvider': {'workDoneProgress': True}, 'typeDefinitionProvider': {'workDoneProgress': True}, 'referencesProvider': {'workDoneProgress': True}, 'documentSymbolProvider': {'workDoneProgress': True}, 'workspaceSymbolProvider': {'workDoneProgress': True}, 'hoverProvider': {'workDoneProgress': True}, 'documentHighlightProvider': {'workDoneProgress': True}, 'renameProvider': {'prepareProvider': True, 'workDoneProgress': True}, 'completionProvider': {'triggerCharacters': ['.', '[', '"', "'"], 'resolveProvider': True, 'workDoneProgress': True, 'completionItem': {'labelDetailsSupport': True}}, 'signatureHelpProvider': {'triggerCharacters': ['(', ',', ')'], 'workDoneProgress': True}, 'codeActionProvider': {'codeActionKinds': ['quickfix', 'source.organizeImports'], 'workDoneProgress': True}, 'executeCommandProvider': {'commands': [], 'workDoneProgress': True}, 'callHierarchyProvider': True, 'workspace': {'workspaceFolders': {'supported': True, 'changeNotifications': True}}}}
INFO  2026-08-01 17:36:13,037 [StartLS:python] solidlsp.language_servers.pyright_server:_start_server:236 - Waiting up to 60.0s for Pyright to complete initial workspace analysis...
INFO  2026-08-01 17:36:13,640 [LSP-stdout-reader:python] solidlsp.language_servers.pyright_server:window_log_message:138 - LSP: window/logMessage: Loading pyproject.toml file at c:\Users\ragha\Desktop\bakeoff\r5-serena\pyproject.toml
INFO  2026-08-01 17:36:13,640 [LSP-stdout-reader:python] solidlsp.language_servers.pyright_server:window_log_message:138 - LSP: window/logMessage: No include entries specified; assuming c:\Users\ragha\Desktop\bakeoff\r5-serena
INFO  2026-08-01 17:36:13,640 [LSP-stdout-reader:python] solidlsp.language_servers.pyright_server:window_log_message:138 - LSP: window/logMessage: Auto-excluding **/node_modules
INFO  2026-08-01 17:36:13,640 [LSP-stdout-reader:python] solidlsp.language_servers.pyright_server:window_log_message:138 - LSP: window/logMessage: Auto-excluding **/__pycache__
INFO  2026-08-01 17:36:13,641 [LSP-stdout-reader:python] solidlsp.language_servers.pyright_server:window_log_message:138 - LSP: window/logMessage: Auto-excluding **/.*
INFO  2026-08-01 17:36:13,641 [LSP-stdout-reader:python] solidlsp.language_servers.pyright_server:window_log_message:138 - LSP: window/logMessage: Assuming Python version 3.13.5.final.0
INFO  2026-08-01 17:36:13,641 [LSP-stdout-reader:python] solidlsp.language_servers.pyright_server:window_log_message:138 - LSP: window/logMessage: Found 1888 source files
INFO  2026-08-01 17:36:13,641 [LSP-stdout-reader:python] solidlsp.language_servers.pyright_server:window_log_message:143 - Pyright workspace scanning complete
INFO  2026-08-01 17:36:13,641 [StartLS:python] solidlsp.language_servers.pyright_server:_start_server:238 - Pyright initial analysis complete, server ready
INFO  2026-08-01 17:36:13,641 [StartLS:python] sensai.util.logging:stop:336 - Language server startup (language=python) completed in 2.774 seconds
INFO  2026-08-01 17:36:13,642 [Task-1:init_project_services] sensai.util.logging:start:329 - Initialising file change notifier (polling for baseline) starting ...
INFO  2026-08-01 17:36:14,249 [Task-1:init_project_services] sensai.util.logging:stop:336 - Initialising file change notifier (polling for baseline) completed in 0.608 seconds
INFO  2026-08-01 17:36:14,250 [Task-1:init_project_services] serena.agent:stop:336 - Language server initialization completed in 3.535 seconds
INFO  2026-08-01 17:36:14,250 [Task-1:init_project_services] serena.task_executor:stop:336 - Task-1:init_project_services completed in 3.536 seconds
INFO  2026-08-01 17:36:14,250 [SerenaAgentTaskExecutor] serena.task_executor:_process_task_queue:139 - Starting execution of Task-2:ActivateProjectTool
INFO  2026-08-01 17:36:14,250 [Task-2:ActivateProjectTool] serena.task_executor:start:329 - Task-2:ActivateProjectTool starting ...
INFO  2026-08-01 17:36:14,250 [Task-2:ActivateProjectTool] serena.tools.tools_base:_log_tool_application:279 - activate_project: project='C:\\Users\\ragha\\Desktop\\bakeoff\\r5-serena', session_id='14c7c00f4d0'; session_id: 14c7c00f4d0
INFO  2026-08-01 17:36:14,251 [Task-2:ActivateProjectTool] serena.agent:activate_project_from_path_or_name:1311 - Found registered project 'r5-serena' at path C:\Users\ragha\Desktop\bakeoff\r5-serena
INFO  2026-08-01 17:36:14,251 [Task-2:ActivateProjectTool] serena.tools.tools_base:task:410 - Result: The project with name 'r5-serena' at C:\Users\ragha\Desktop\bakeoff\r5-serena is activated.
Programming languages: python.File encoding: utf-8.Onboarding has not been performed yet, you should call Serena's `onboarding` tool now to set up project memories.
IMPORTANT: If you have not yet read the 'Serena Instructions Manual', do it now before continuing!
INFO  2026-08-01 17:36:14,252 [Task-2:ActivateProjectTool] serena.task_executor:stop:336 - Task-2:ActivateProjectTool completed in 0.001 seconds
INFO  2026-08-01 17:36:14,255 [MainThread] mcp.server.lowlevel.server:_handle_request:733 - Processing request of type CallToolRequest
INFO  2026-08-01 17:36:14,255 [MainThread] serena.task_executor:issue_task:217 - Scheduling Task-3:SearchForPatternTool
INFO  2026-08-01 17:36:14,353 [SerenaAgentTaskExecutor] serena.task_executor:_process_task_queue:139 - Starting execution of Task-3:SearchForPatternTool
INFO  2026-08-01 17:36:14,354 [Task-3:SearchForPatternTool] serena.task_executor:start:329 - Task-3:SearchForPatternTool starting ...
INFO  2026-08-01 17:36:14,354 [Task-3:SearchForPatternTool] serena.tools.tools_base:_log_tool_application:279 - search_for_pattern: substring_pattern='verify_and_heal', context_lines_before=0, context_lines_after=0, paths_include_glob='', paths_exclude_glob='', relative_path='.', restrict_search_to_code_files=False, multiline=True, max_answer_chars=-1, session_id='14c7c00f4d0'; session_id: 14c7c00f4d0
INFO  2026-08-01 17:36:15,020 [Task-3:SearchForPatternTool] serena.util.text_utils:search_files:319 - Processing 3493 files.
INFO  2026-08-01 17:36:16,519 [Task-3:SearchForPatternTool] serena.util.text_utils:search_files:360 - Found 6 total matches across 3493 files
INFO  2026-08-01 17:36:16,520 [Task-3:SearchForPatternTool] serena.tools.tools_base:task:410 - Result: {"packages\\server\\src\\repowise\\server\\mcp_server\\tool_answer\\symbols.py": ["  >  15:from repowise.server.mcp_server._verify import verify_and_heal", "  > 314:        check = await verify_and_heal(session_factory, row, text)", "  > 640:            check = await verify_and_heal(session_factory, row, text)"], "packages\\server\\src\\repowise\\server\\mcp_server\\_verify.py": ["  > 190:async def verify_and_heal(session_factory, row: WikiSymbol, source_text: str) -> BoundsCheck:"], "tests\\unit\\server\\mcp\\test_answer_parent_page.py": ["  >  54:        \"verify_and_heal\","], "tests\\unit\\server\\mcp\\test_neighbor_rerank.py": ["  >  98:    assert not is_flow_question(\"verify_and_heal\")"]}
INFO  2026-08-01 17:36:16,520 [Task-3:SearchForPatternTool] serena.task_executor:stop:336 - Task-3:SearchForPatternTool completed in 2.166 seconds
84 questions scored (99 in suite, 14 gold_pages-only excluded, 1 dropped as stale gold: ['E37_compute_budget_def'])

  serena             E01_verify_and_heal_symbol       ok hit@None
INFO  2026-08-01 17:36:16,523 [MainThread] mcp.server.lowlevel.server:_handle_request:733 - Processing request of type CallToolRequest
INFO  2026-08-01 17:36:16,524 [MainThread] serena.task_executor:issue_task:217 - Scheduling Task-4:SearchForPatternTool
INFO  2026-08-01 17:36:16,622 [SerenaAgentTaskExecutor] serena.task_executor:_process_task_queue:139 - Starting execution of Task-4:SearchForPatternTool
INFO  2026-08-01 17:36:16,622 [Task-4:SearchForPatternTool] serena.task_executor:start:329 - Task-4:SearchForPatternTool starting ...
INFO  2026-08-01 17:36:16,622 [Task-4:SearchForPatternTool] serena.tools.tools_base:_log_tool_application:279 - search_for_pattern: substring_pattern='How does get_symbol verify that stored symbol bounds still match the live file before serving a slice?', context_lines_before=0, context_lines_after=0, paths_include_glob='', paths_exclude_glob='', relative_path='.', restrict_search_to_code_files=False, multiline=True, max_answer_chars=-1, session_id='14c7c00f4d0'; session_id: 14c7c00f4d0
INFO  2026-08-01 17:36:17,229 [Task-4:SearchForPatternTool] serena.util.text_utils:search_files:319 - Processing 3493 files.
INFO  2026-08-01 17:36:18,089 [Task-4:SearchForPatternTool] serena.util.text_utils:search_files:360 - Found 0 total matches across 3493 files
INFO  2026-08-01 17:36:18,090 [Task-4:SearchForPatternTool] serena.tools.tools_base:task:410 - Result: {}
INFO  2026-08-01 17:36:18,090 [Task-4:SearchForPatternTool] serena.task_executor:stop:336 - Task-4:SearchForPatternTool completed in 1.468 seconds
  serena             E02_get_symbol_bounds_verify     ok hit@None
INFO  2026-08-01 17:36:18,093 [MainThread] mcp.server.lowlevel.server:_handle_request:733 - Processing request of type CallToolRequest
INFO  2026-08-01 17:36:18,094 [MainThread] serena.task_executor:issue_task:217 - Scheduling Task-5:SearchForPatternTool
INFO  2026-08-01 17:36:18,192 [SerenaAgentTaskExecutor] serena.task_executor:_process_task_queue:139 - Starting execution of Task-5:SearchForPatternTool
INFO  2026-08-01 17:36:18,192 [Task-5:SearchForPatternTool] serena.task_executor:start:329 - Task-5:SearchForPatternTool starting ...
INFO  2026-08-01 17:36:18,192 [Task-5:SearchForPatternTool] serena.tools.tools_base:_log_tool_application:279 - search_for_pattern: substring_pattern='how does check_symbol_bounds detect that a stored def has drifted', context_lines_before=0, context_lines_after=0, paths_include_glob='', paths_exclude_glob='', relative_path='.', restrict_search_to_code_files=False, multiline=True, max_answer_chars=-1, session_id='14c7c00f4d0'; session_id: 14c7c00f4d0
INFO  2026-08-01 17:36:18,747 [Task-5:SearchForPatternTool] serena.util.text_utils:search_files:319 - Processing 3493 files.
INFO  2026-08-01 17:36:19,610 [Task-5:SearchForPatternTool] serena.util.text_utils:search_files:360 - Found 0 total matches across 3493 files
INFO  2026-08-01 17:36:19,611 [Task-5:SearchForPatternTool] serena.tools.tools_base:task:410 - Result: {}
INFO  2026-08-01 17:36:19,611 [Task-5:SearchForPatternTool] serena.task_executor:stop:336 - Task-5:SearchForPatternTool completed in 1.419 seconds
  serena             E03_check_symbol_bounds_drift    ok hit@None
INFO  2026-08-01 17:36:19,614 [MainThread] mcp.server.lowlevel.server:_handle_request:733 - Processing request of type CallToolRequest
INFO  2026-08-01 17:36:19,614 [MainThread] serena.task_executor:issue_task:217 - Scheduling Task-6:SearchForPatternTool
INFO  2026-08-01 17:36:19,712 [SerenaAgentTaskExecutor] serena.task_executor:_process_task_queue:139 - Starting execution of Task-6:SearchForPatternTool
INFO  2026-08-01 17:36:19,712 [Task-6:SearchForPatternTool] serena.task_executor:start:329 - Task-6:SearchForPatternTool starting ...
INFO  2026-08-01 17:36:19,712 [Task-6:SearchForPatternTool] serena.tools.tools_base:_log_tool_application:279 - search_for_pattern: substring_pattern='How does the savings instrumentation wrapper preserve tool signatures?', context_lines_before=0, context_lines_after=0, paths_include_glob='', paths_exclude_glob='', relative_path='.', restrict_search_to_code_files=False, multiline=True, max_answer_chars=-1, session_id='14c7c00f4d0'; session_id: 14c7c00f4d0
INFO  2026-08-01 17:36:20,387 [Task-6:SearchForPatternTool] serena.util.text_utils:search_files:319 - Processing 3493 files.
INFO  2026-08-01 17:36:21,334 [Task-6:SearchForPatternTool] serena.util.text_utils:search_files:360 - Found 0 total matches across 3493 files
INFO  2026-08-01 17:36:21,336 [Task-6:SearchForPatternTool] serena.tools.tools_base:task:410 - Result: {}
INFO  2026-08-01 17:36:21,336 [Task-6:SearchForPatternTool] serena.task_executor:stop:336 - Task-6:SearchForPatternTool completed in 1.624 seconds
  serena             E04_savings_wrapper_signatures   ok hit@None
INFO  2026-08-01 17:36:21,338 [MainThread] mcp.server.lowlevel.server:_handle_request:733 - Processing request of type CallToolRequest
INFO  2026-08-01 17:36:21,339 [MainThread] serena.task_executor:issue_task:217 - Scheduling Task-7:SearchForPatternTool
INFO  2026-08-01 17:36:21,437 [SerenaAgentTaskExecutor] serena.task_executor:_process_task_queue:139 - Starting execution of Task-7:SearchForPatternTool
INFO  2026-08-01 17:36:21,438 [Task-7:SearchForPatternTool] serena.task_executor:start:329 - Task-7:SearchForPatternTool starting ...
INFO  2026-08-01 17:36:21,438 [Task-7:SearchForPatternTool] serena.tools.tools_base:_log_tool_application:279 - search_for_pattern: substring_pattern='ComplexityWalker', context_lines_before=0, context_lines_after=0, paths_include_glob='', paths_exclude_glob='', relative_path='.', restrict_search_to_code_files=False, multiline=True, max_answer_chars=-1, session_id='14c7c00f4d0'; session_id: 14c7c00f4d0
INFO  2026-08-01 17:36:22,021 [Task-7:SearchForPatternTool] serena.util.text_utils:search_files:319 - Processing 3493 files.
INFO  2026-08-01 17:36:22,928 [Task-7:SearchForPatternTool] serena.util.text_utils:search_files:360 - Found 1 total matches across 3493 files
INFO  2026-08-01 17:36:22,929 [Task-7:SearchForPatternTool] serena.tools.tools_base:task:410 - Result: {"tests\\unit\\server\\mcp\\test_mechanism_question.py": ["  >  45:    \"how much memory does the ComplexityWalker use\","]}
INFO  2026-08-01 17:36:22,930 [Task-7:SearchForPatternTool] serena.task_executor:stop:336 - Task-7:SearchForPatternTool completed in 1.492 seconds
  serena             E05_complexity_walker            ok hit@None
INFO  2026-08-01 17:36:22,933 [MainThread] mcp.server.lowlevel.server:_handle_request:733 - Processing request of type CallToolRequest
INFO  2026-08-01 17:36:22,933 [MainThread] serena.task_executor:issue_task:217 - Scheduling Task-8:SearchForPatternTool
INFO  2026-08-01 17:36:23,031 [SerenaAgentTaskExecutor] serena.task_executor:_process_task_queue:139 - Starting execution of Task-8:SearchForPatternTool
INFO  2026-08-01 17:36:23,032 [Task-8:SearchForPatternTool] serena.task_executor:start:329 - Task-8:SearchForPatternTool starting ...
INFO  2026-08-01 17:36:23,032 [Task-8:SearchForPatternTool] serena.tools.tools_base:_log_tool_application:279 - search_for_pattern: substring_pattern='How is unreachable dead code detected across the repository?', context_lines_before=0, context_lines_after=0, paths_include_glob='', paths_exclude_glob='', relative_path='.', restrict_search_to_code_files=False, multiline=True, max_answer_chars=-1, session_id='14c7c00f4d0'; session_id: 14c7c00f4d0
INFO  2026-08-01 17:36:23,629 [Task-8:SearchForPatternTool] serena.util.text_utils:search_files:319 - Processing 3493 files.
INFO  2026-08-01 17:36:24,565 [Task-8:SearchForPatternTool] serena.util.text_utils:search_files:360 - Found 1 total matches across 3493 files
INFO  2026-08-01 17:36:24,566 [Task-8:SearchForPatternTool] serena.tools.tools_base:task:410 - Result: {"tests\\unit\\server\\mcp\\test_mechanism_question.py": ["  >  22:    \"How is unreachable dead code detected across the repository?\","]}
INFO  2026-08-01 17:36:24,566 [Task-8:SearchForPatternTool] serena.task_executor:stop:336 - Task-8:SearchForPatternTool completed in 1.535 seconds
  serena             E06_dead_code_detection          ok hit@None
INFO  2026-08-01 17:36:24,569 [MainThread] mcp.server.lowlevel.server:_handle_request:733 - Processing request of type CallToolRequest
INFO  2026-08-01 17:36:24,569 [MainThread] serena.task_executor:issue_task:217 - Scheduling Task-9:SearchForPatternTool
INFO  2026-08-01 17:36:24,667 [SerenaAgentTaskExecutor] serena.task_executor:_process_task_queue:139 - Starting execution of Task-9:SearchForPatternTool
INFO  2026-08-01 17:36:24,668 [Task-9:SearchForPatternTool] serena.task_executor:start:329 - Task-9:SearchForPatternTool starting ...
INFO  2026-08-01 17:36:24,668 [Task-9:SearchForPatternTool] serena.tools.tools_base:_log_tool_application:279 - search_for_pattern: substring_pattern='How does search_codebase route a query to symbol, path, or concept mode?', context_lines_before=0, context_lines_after=0, paths_include_glob='', paths_exclude_glob='', relative_path='.', restrict_search_to_code_files=False, multiline=True, max_answer_chars=-1, session_id='14c7c00f4d0'; session_id: 14c7c00f4d0
INFO  2026-08-01 17:36:25,290 [Task-9:SearchForPatternTool] serena.util.text_utils:search_files:319 - Processing 3493 files.
INFO  2026-08-01 17:36:26,257 [Task-9:SearchForPatternTool] serena.util.text_utils:search_files:360 - Found 1 total matches across 3493 files
INFO  2026-08-01 17:36:26,258 [Task-9:SearchForPatternTool] serena.tools.tools_base:task:410 - Result: {"tests\\unit\\server\\mcp\\test_mechanism_question.py": ["  >  24:    \"How does search_codebase route a query to symbol, path, or concept mode?\","]}
INFO  2026-08-01 17:36:26,258 [Task-9:SearchForPatternTool] serena.task_executor:stop:336 - Task-9:SearchForPatternTool completed in 1.590 seconds
  serena             E07_search_mode_routing          ok hit@None
INFO  2026-08-01 17:36:26,261 [MainThread] mcp.server.lowlevel.server:_handle_request:733 - Processing request of type CallToolRequest
INFO  2026-08-01 17:36:26,261 [MainThread] serena.task_executor:issue_task:217 - Scheduling Task-10:SearchForPatternTool
INFO  2026-08-01 17:36:26,358 [SerenaAgentTaskExecutor] serena.task_executor:_process_task_queue:139 - Starting execution of Task-10:SearchForPatternTool
INFO  2026-08-01 17:36:26,359 [Task-10:SearchForPatternTool] serena.task_executor:start:329 - Task-10:SearchForPatternTool starting ...
INFO  2026-08-01 17:36:26,359 [Task-10:SearchForPatternTool] serena.tools.tools_base:_log_tool_application:279 - search_for_pattern: substring_pattern='how does _resolve_mode pick a search mode from the query shape', context_lines_before=0, context_lines_after=0, paths_include_glob='', paths_exclude_glob='', relative_path='.', restrict_search_to_code_files=False, multiline=True, max_answer_chars=-1, session_id='14c7c00f4d0'; session_id: 14c7c00f4d0
INFO  2026-08-01 17:36:26,958 [Task-10:SearchForPatternTool] serena.util.text_utils:search_files:319 - Processing 3493 files.
INFO  2026-08-01 17:36:27,807 [Task-10:SearchForPatternTool] serena.util.text_utils:search_files:360 - Found 0 total matches across 3493 files
INFO  2026-08-01 17:36:27,809 [Task-10:SearchForPatternTool] serena.tools.tools_base:task:410 - Result: {}
INFO  2026-08-01 17:36:27,809 [Task-10:SearchForPatternTool] serena.task_executor:stop:336 - Task-10:SearchForPatternTool completed in 1.450 seconds
  serena             E08_resolve_mode                 ok hit@None
INFO  2026-08-01 17:36:27,812 [MainThread] mcp.server.lowlevel.server:_handle_request:733 - Processing request of type CallToolRequest
INFO  2026-08-01 17:36:27,812 [MainThread] serena.task_executor:issue_task:217 - Scheduling Task-11:SearchForPatternTool
INFO  2026-08-01 17:36:27,910 [SerenaAgentTaskExecutor] serena.task_executor:_process_task_queue:139 - Starting execution of Task-11:SearchForPatternTool
INFO  2026-08-01 17:36:27,911 [Task-11:SearchForPatternTool] serena.task_executor:start:329 - Task-11:SearchForPatternTool starting ...
INFO  2026-08-01 17:36:27,911 [Task-11:SearchForPatternTool] serena.tools.tools_base:_log_tool_application:279 - search_for_pattern: substring_pattern='What does get_answer return when a question names a symbol that has several definitions?', context_lines_before=0, context_lines_after=0, paths_include_glob='', paths_exclude_glob='', relative_path='.', restrict_search_to_code_files=False, multiline=True, max_answer_chars=-1, session_id='14c7c00f4d0'; session_id: 14c7c00f4d0
INFO  2026-08-01 17:36:28,502 [Task-11:SearchForPatternTool] serena.util.text_utils:search_files:319 - Processing 3493 files.
INFO  2026-08-01 17:36:29,366 [Task-11:SearchForPatternTool] serena.util.text_utils:search_files:360 - Found 0 total matches across 3493 files
INFO  2026-08-01 17:36:29,367 [Task-11:SearchForPatternTool] serena.tools.tools_base:task:410 - Result: {}
INFO  2026-08-01 17:36:29,367 [Task-11:SearchForPatternTool] serena.task_executor:stop:336 - Task-11:SearchForPatternTool completed in 1.456 seconds
  serena             E09_homonym_union                ok hit@None
INFO  2026-08-01 17:36:29,370 [MainThread] mcp.server.lowlevel.server:_handle_request:733 - Processing request of type CallToolRequest
INFO  2026-08-01 17:36:29,370 [MainThread] serena.task_executor:issue_task:217 - Scheduling Task-12:SearchForPatternTool
INFO  2026-08-01 17:36:29,468 [SerenaAgentTaskExecutor] serena.task_executor:_process_task_queue:139 - Starting execution of Task-12:SearchForPatternTool
INFO  2026-08-01 17:36:29,469 [Task-12:SearchForPatternTool] serena.task_executor:start:329 - Task-12:SearchForPatternTool starting ...
INFO  2026-08-01 17:36:29,469 [Task-12:SearchForPatternTool] serena.tools.tools_base:_log_tool_application:279 - search_for_pattern: substring_pattern='batch_upsert_symbols', context_lines_before=0, context_lines_after=0, paths_include_glob='', paths_exclude_glob='', relative_path='.', restrict_search_to_code_files=False, multiline=True, max_answer_chars=-1, session_id='14c7c00f4d0'; session_id: 14c7c00f4d0
INFO  2026-08-01 17:36:30,043 [Task-12:SearchForPatternTool] serena.util.text_utils:search_files:319 - Processing 3493 files.
INFO  2026-08-01 17:36:30,929 [Task-12:SearchForPatternTool] serena.util.text_utils:search_files:360 - Found 18 total matches across 3493 files
INFO  2026-08-01 17:36:30,930 [Task-12:SearchForPatternTool] serena.tools.tools_base:task:410 - Result: {"packages\\core\\src\\repowise\\core\\persistence\\crud\\external_systems.py": ["  > 198:async def batch_upsert_symbols(", "  > 235:    :func:`batch_upsert_symbols` reloads *every* symbol row for the repo, so"], "packages\\core\\src\\repowise\\core\\persistence\\stores\\_sql_graph_records.py": ["  > 123:    async def batch_upsert_symbols(", "  > 126:        await crud.batch_upsert_symbols(self._session, repository_id, symbols)"], "packages\\core\\src\\repowise\\core\\persistence\\_interfaces\\_graph_records.py": ["  > 108:    async def batch_upsert_symbols("], "packages\\core\\src\\repowise\\core\\persistence\\__init__.py": ["  >  23:    batch_upsert_symbols,", "  > 199:    \"batch_upsert_symbols\","], "packages\\core\\src\\repowise\\core\\pipeline\\persist.py": ["  > 440:    ``batch_upsert_symbols`` reloads every symbol row.", "  > 832:        batch_upsert_symbols,", "  > 894:        await batch_upsert_symbols(session, repo_id, all_symbols)"], "tests\\fixtures\\distill\\git_diff_large.txt": ["  >4152:@@ -153,14 +153,13 @@ async def batch_upsert_symbols("], "tests\\unit\\persistence\\test_crud.py": ["  >  16:    batch_upsert_symbols,", "  > 440:async def test_batch_upsert_symbols_inserts(async_session):", "  > 469:    await batch_upsert_symbols(async_session, repo.id, syms)"], "tests\\unit\\persistence\\test_crud_smoke.py": ["  >  18:    batch_upsert_symbols,", "  > 103:async def test_batch_upsert_symbols_updates_existing(async_session):", "  > 105:    await batch_upsert_symbols(async_session, repo.id, [_Sym(\"m.py\", \"f\", signature=\"()\")])", "  > 106:    await batch_upsert_symbols("]}
INFO  2026-08-01 17:36:30,931 [Task-12:SearchForPatternTool] serena.task_executor:stop:336 - Task-12:SearchForPatternTool completed in 1.462 seconds
  serena             E10_batch_upsert_symbols         ok hit@None
INFO  2026-08-01 17:36:30,934 [MainThread] mcp.server.lowlevel.server:_handle_request:733 - Processing request of type CallToolRequest
INFO  2026-08-01 17:36:30,934 [MainThread] serena.task_executor:issue_task:217 - Scheduling Task-13:SearchForPatternTool
INFO  2026-08-01 17:36:31,032 [SerenaAgentTaskExecutor] serena.task_executor:_process_task_queue:139 - Starting execution of Task-13:SearchForPatternTool
INFO  2026-08-01 17:36:31,033 [Task-13:SearchForPatternTool] serena.task_executor:start:329 - Task-13:SearchForPatternTool starting ...
INFO  2026-08-01 17:36:31,033 [Task-13:SearchForPatternTool] serena.tools.tools_base:_log_tool_application:279 - search_for_pattern: substring_pattern='How does get_answer mine the field set for a data-shape question straight from source?', context_lines_before=0, context_lines_after=0, paths_include_glob='', paths_exclude_glob='', relative_path='.', restrict_search_to_code_files=False, multiline=True, max_answer_chars=-1, session_id='14c7c00f4d0'; session_id: 14c7c00f4d0
INFO  2026-08-01 17:36:31,612 [Task-13:SearchForPatternTool] serena.util.text_utils:search_files:319 - Processing 3493 files.
INFO  2026-08-01 17:36:32,467 [Task-13:SearchForPatternTool] serena.util.text_utils:search_files:360 - Found 0 total matches across 3493 files
INFO  2026-08-01 17:36:32,468 [Task-13:SearchForPatternTool] serena.tools.tools_base:task:410 - Result: {}
INFO  2026-08-01 17:36:32,468 [Task-13:SearchForPatternTool] serena.task_executor:stop:336 - Task-13:SearchForPatternTool completed in 1.435 seconds
  serena             E11_data_shape_mining            ok hit@None
INFO  2026-08-01 17:36:32,471 [MainThread] mcp.server.lowlevel.server:_handle_request:733 - Processing request of type CallToolRequest
INFO  2026-08-01 17:36:32,471 [MainThread] serena.task_executor:issue_task:217 - Scheduling Task-14:SearchForPatternTool
INFO  2026-08-01 17:36:32,569 [SerenaAgentTaskExecutor] serena.task_executor:_process_task_queue:139 - Starting execution of Task-14:SearchForPatternTool
INFO  2026-08-01 17:36:32,569 [Task-14:SearchForPatternTool] serena.task_executor:start:329 - Task-14:SearchForPatternTool starting ...
INFO  2026-08-01 17:36:32,569 [Task-14:SearchForPatternTool] serena.tools.tools_base:_log_tool_application:279 - search_for_pattern: substring_pattern='where is filter_dicts_by_key defined', context_lines_before=0, context_lines_after=0, paths_include_glob='', paths_exclude_glob='', relative_path='.', restrict_search_to_code_files=False, multiline=True, max_answer_chars=-1, session_id='14c7c00f4d0'; session_id: 14c7c00f4d0
INFO  2026-08-01 17:36:33,137 [Task-14:SearchForPatternTool] serena.util.text_utils:search_files:319 - Processing 3493 files.
INFO  2026-08-01 17:36:34,003 [Task-14:SearchForPatternTool] serena.util.text_utils:search_files:360 - Found 1 total matches across 3493 files
INFO  2026-08-01 17:36:34,004 [Task-14:SearchForPatternTool] serena.tools.tools_base:task:410 - Result: {"tests\\unit\\server\\mcp\\test_neighbor_rerank.py": ["  >  99:    assert not is_flow_question(\"where is filter_dicts_by_key defined\")"]}
INFO  2026-08-01 17:36:34,005 [Task-14:SearchForPatternTool] serena.task_executor:stop:336 - Task-14:SearchForPatternTool completed in 1.436 seconds
  serena             E12_filter_dicts_by_key_def      ok hit@None
INFO  2026-08-01 17:36:34,007 [MainThread] mcp.server.lowlevel.server:_handle_request:733 - Processing request of type CallToolRequest
INFO  2026-08-01 17:36:34,008 [MainThread] serena.task_executor:issue_task:217 - Scheduling Task-15:SearchForPatternTool
INFO  2026-08-01 17:36:34,105 [SerenaAgentTaskExecutor] serena.task_executor:_process_task_queue:139 - Starting execution of Task-15:SearchForPatternTool
INFO  2026-08-01 17:36:34,106 [Task-15:SearchForPatternTool] serena.task_executor:start:329 - Task-15:SearchForPatternTool starting ...
INFO  2026-08-01 17:36:34,106 [Task-15:SearchForPatternTool] serena.tools.tools_base:_log_tool_application:279 - search_for_pattern: substring_pattern='How does get_context build a body-elided file skeleton under a token budget?', context_lines_before=0, context_lines_after=0, paths_include_glob='', paths_exclude_glob='', relative_path='.', restrict_search_to_code_files=False, multiline=True, max_answer_chars=-1, session_id='14c7c00f4d0'; session_id: 14c7c00f4d0
INFO  2026-08-01 17:36:34,659 [Task-15:SearchForPatternTool] serena.util.text_utils:search_files:319 - Processing 3493 files.
INFO  2026-08-01 17:36:35,481 [Task-15:SearchForPatternTool] serena.util.text_utils:search_files:360 - Found 0 total matches across 3493 files
INFO  2026-08-01 17:36:35,482 [Task-15:SearchForPatternTool] serena.tools.tools_base:task:410 - Result: {}
INFO  2026-08-01 17:36:35,482 [Task-15:SearchForPatternTool] serena.task_executor:stop:336 - Task-15:SearchForPatternTool completed in 1.376 seconds
  serena             E13_skeleton_build               ok hit@None
INFO  2026-08-01 17:36:35,485 [MainThread] mcp.server.lowlevel.server:_handle_request:733 - Processing request of type CallToolRequest
INFO  2026-08-01 17:36:35,485 [MainThread] serena.task_executor:issue_task:217 - Scheduling Task-16:SearchForPatternTool
INFO  2026-08-01 17:36:35,584 [SerenaAgentTaskExecutor] serena.task_executor:_process_task_queue:139 - Starting execution of Task-16:SearchForPatternTool
INFO  2026-08-01 17:36:35,584 [Task-16:SearchForPatternTool] serena.task_executor:start:329 - Task-16:SearchForPatternTool starting ...
INFO  2026-08-01 17:36:35,585 [Task-16:SearchForPatternTool] serena.tools.tools_base:_log_tool_application:279 - search_for_pattern: substring_pattern='How does the get_answer hydrator turn stored symbol bounds into signatures and bodies?', context_lines_before=0, context_lines_after=0, paths_include_glob='', paths_exclude_glob='', relative_path='.', restrict_search_to_code_files=False, multiline=True, max_answer_chars=-1, session_id='14c7c00f4d0'; session_id: 14c7c00f4d0
INFO  2026-08-01 17:36:36,192 [Task-16:SearchForPatternTool] serena.util.text_utils:search_files:319 - Processing 3493 files.
INFO  2026-08-01 17:36:37,096 [Task-16:SearchForPatternTool] serena.util.text_utils:search_files:360 - Found 0 total matches across 3493 files
INFO  2026-08-01 17:36:37,097 [Task-16:SearchForPatternTool] serena.tools.tools_base:task:410 - Result: {}
INFO  2026-08-01 17:36:37,097 [Task-16:SearchForPatternTool] serena.task_executor:stop:336 - Task-16:SearchForPatternTool completed in 1.513 seconds
  serena             E14_hydrator_signatures          ok hit@None
INFO  2026-08-01 17:36:37,100 [MainThread] mcp.server.lowlevel.server:_handle_request:733 - Processing request of type CallToolRequest
INFO  2026-08-01 17:36:37,101 [MainThread] serena.task_executor:issue_task:217 - Scheduling Task-17:SearchForPatternTool
INFO  2026-08-01 17:36:37,198 [SerenaAgentTaskExecutor] serena.task_executor:_process_task_queue:139 - Starting execution of Task-17:SearchForPatternTool
INFO  2026-08-01 17:36:37,198 [Task-17:SearchForPatternTool] serena.task_executor:start:329 - Task-17:SearchForPatternTool starting ...
INFO  2026-08-01 17:36:37,198 [Task-17:SearchForPatternTool] serena.tools.tools_base:_log_tool_application:279 - search_for_pattern: substring_pattern='How does search_codebase attach the exact-match honesty signal for identifier queries?', context_lines_before=0, context_lines_after=0, paths_include_glob='', paths_exclude_glob='', relative_path='.', restrict_search_to_code_files=False, multiline=True, max_answer_chars=-1, session_id='14c7c00f4d0'; session_id: 14c7c00f4d0
INFO  2026-08-01 17:36:37,790 [Task-17:SearchForPatternTool] serena.util.text_utils:search_files:319 - Processing 3493 files.
INFO  2026-08-01 17:36:38,653 [Task-17:SearchForPatternTool] serena.util.text_utils:search_files:360 - Found 0 total matches across 3493 files
INFO  2026-08-01 17:36:38,654 [Task-17:SearchForPatternTool] serena.tools.tools_base:task:410 - Result: {}
INFO  2026-08-01 17:36:38,655 [Task-17:SearchForPatternTool] serena.task_executor:stop:336 - Task-17:SearchForPatternTool completed in 1.456 seconds
  serena             E15_exact_match_honesty          ok hit@None
INFO  2026-08-01 17:36:38,657 [MainThread] mcp.server.lowlevel.server:_handle_request:733 - Processing request of type CallToolRequest
INFO  2026-08-01 17:36:38,658 [MainThread] serena.task_executor:issue_task:217 - Scheduling Task-18:SearchForPatternTool
INFO  2026-08-01 17:36:38,756 [SerenaAgentTaskExecutor] serena.task_executor:_process_task_queue:139 - Starting execution of Task-18:SearchForPatternTool
INFO  2026-08-01 17:36:38,756 [Task-18:SearchForPatternTool] serena.task_executor:start:329 - Task-18:SearchForPatternTool starting ...
INFO  2026-08-01 17:36:38,757 [Task-18:SearchForPatternTool] serena.tools.tools_base:_log_tool_application:279 - search_for_pattern: substring_pattern='How does an incremental update persist symbols for the files that changed?', context_lines_before=0, context_lines_after=0, paths_include_glob='', paths_exclude_glob='', relative_path='.', restrict_search_to_code_files=False, multiline=True, max_answer_chars=-1, session_id='14c7c00f4d0'; session_id: 14c7c00f4d0
INFO  2026-08-01 17:36:39,382 [Task-18:SearchForPatternTool] serena.util.text_utils:search_files:319 - Processing 3493 files.
INFO  2026-08-01 17:36:40,310 [Task-18:SearchForPatternTool] serena.util.text_utils:search_files:360 - Found 0 total matches across 3493 files
INFO  2026-08-01 17:36:40,311 [Task-18:SearchForPatternTool] serena.tools.tools_base:task:410 - Result: {}
INFO  2026-08-01 17:36:40,311 [Task-18:SearchForPatternTool] serena.task_executor:stop:336 - Task-18:SearchForPatternTool completed in 1.555 seconds
  serena             E16_incremental_symbol_persist   ok hit@None
INFO  2026-08-01 17:36:40,314 [MainThread] mcp.server.lowlevel.server:_handle_request:733 - Processing request of type CallToolRequest
INFO  2026-08-01 17:36:40,315 [MainThread] serena.task_executor:issue_task:217 - Scheduling Task-19:SearchForPatternTool
INFO  2026-08-01 17:36:40,413 [SerenaAgentTaskExecutor] serena.task_executor:_process_task_queue:139 - Starting execution of Task-19:SearchForPatternTool
INFO  2026-08-01 17:36:40,413 [Task-19:SearchForPatternTool] serena.task_executor:start:329 - Task-19:SearchForPatternTool starting ...
INFO  2026-08-01 17:36:40,413 [Task-19:SearchForPatternTool] serena.tools.tools_base:_log_tool_application:279 - search_for_pattern: substring_pattern='How does get_risk compute blast radius and the dependents count for a file?', context_lines_before=0, context_lines_after=0, paths_include_glob='', paths_exclude_glob='', relative_path='.', restrict_search_to_code_files=False, multiline=True, max_answer_chars=-1, session_id='14c7c00f4d0'; session_id: 14c7c00f4d0
INFO  2026-08-01 17:36:41,021 [Task-19:SearchForPatternTool] serena.util.text_utils:search_files:319 - Processing 3493 files.
INFO  2026-08-01 17:36:41,904 [Task-19:SearchForPatternTool] serena.util.text_utils:search_files:360 - Found 0 total matches across 3493 files
INFO  2026-08-01 17:36:41,905 [Task-19:SearchForPatternTool] serena.tools.tools_base:task:410 - Result: {}
INFO  2026-08-01 17:36:41,905 [Task-19:SearchForPatternTool] serena.task_executor:stop:336 - Task-19:SearchForPatternTool completed in 1.492 seconds
  serena             E17_blast_radius                 ok hit@None
INFO  2026-08-01 17:36:41,907 [MainThread] mcp.server.lowlevel.server:_handle_request:733 - Processing request of type CallToolRequest
INFO  2026-08-01 17:36:41,908 [MainThread] serena.task_executor:issue_task:217 - Scheduling Task-20:SearchForPatternTool
INFO  2026-08-01 17:36:42,006 [SerenaAgentTaskExecutor] serena.task_executor:_process_task_queue:139 - Starting execution of Task-20:SearchForPatternTool
INFO  2026-08-01 17:36:42,007 [Task-20:SearchForPatternTool] serena.task_executor:start:329 - Task-20:SearchForPatternTool starting ...
INFO  2026-08-01 17:36:42,007 [Task-20:SearchForPatternTool] serena.tools.tools_base:_log_tool_application:279 - search_for_pattern: substring_pattern='how does OmissionStore get a stored omission by ref', context_lines_before=0, context_lines_after=0, paths_include_glob='', paths_exclude_glob='', relative_path='.', restrict_search_to_code_files=False, multiline=True, max_answer_chars=-1, session_id='14c7c00f4d0'; session_id: 14c7c00f4d0
INFO  2026-08-01 17:36:42,612 [Task-20:SearchForPatternTool] serena.util.text_utils:search_files:319 - Processing 3493 files.
INFO  2026-08-01 17:36:43,491 [Task-20:SearchForPatternTool] serena.util.text_utils:search_files:360 - Found 0 total matches across 3493 files
INFO  2026-08-01 17:36:43,492 [Task-20:SearchForPatternTool] serena.tools.tools_base:task:410 - Result: {}
INFO  2026-08-01 17:36:43,493 [Task-20:SearchForPatternTool] serena.task_executor:stop:336 - Task-20:SearchForPatternTool completed in 1.486 seconds
  serena             E18_omission_store_get           ok hit@None
INFO  2026-08-01 17:36:43,496 [MainThread] mcp.server.lowlevel.server:_handle_request:733 - Processing request of type CallToolRequest
INFO  2026-08-01 17:36:43,496 [MainThread] serena.task_executor:issue_task:217 - Scheduling Task-21:SearchForPatternTool
INFO  2026-08-01 17:36:43,594 [SerenaAgentTaskExecutor] serena.task_executor:_process_task_queue:139 - Starting execution of Task-21:SearchForPatternTool
INFO  2026-08-01 17:36:43,594 [Task-21:SearchForPatternTool] serena.task_executor:start:329 - Task-21:SearchForPatternTool starting ...
INFO  2026-08-01 17:36:43,594 [Task-21:SearchForPatternTool] serena.tools.tools_base:_log_tool_application:279 - search_for_pattern: substring_pattern='How are decision records down-weighted when ranking search results?', context_lines_before=0, context_lines_after=0, paths_include_glob='', paths_exclude_glob='', relative_path='.', restrict_search_to_code_files=False, multiline=True, max_answer_chars=-1, session_id='14c7c00f4d0'; session_id: 14c7c00f4d0
INFO  2026-08-01 17:36:44,169 [Task-21:SearchForPatternTool] serena.util.text_utils:search_files:319 - Processing 3493 files.
INFO  2026-08-01 17:36:44,999 [Task-21:SearchForPatternTool] serena.util.text_utils:search_files:360 - Found 0 total matches across 3493 files
INFO  2026-08-01 17:36:45,000 [Task-21:SearchForPatternTool] serena.tools.tools_base:task:410 - Result: {}
INFO  2026-08-01 17:36:45,001 [Task-21:SearchForPatternTool] serena.task_executor:stop:336 - Task-21:SearchForPatternTool completed in 1.406 seconds
  serena             E19_decision_downweight          ok hit@None
INFO  2026-08-01 17:36:45,003 [MainThread] mcp.server.lowlevel.server:_handle_request:733 - Processing request of type CallToolRequest
INFO  2026-08-01 17:36:45,004 [MainThread] serena.task_executor:issue_task:217 - Scheduling Task-22:SearchForPatternTool
INFO  2026-08-01 17:36:45,102 [SerenaAgentTaskExecutor] serena.task_executor:_process_task_queue:139 - Starting execution of Task-22:SearchForPatternTool
INFO  2026-08-01 17:36:45,102 [Task-22:SearchForPatternTool] serena.task_executor:start:329 - Task-22:SearchForPatternTool starting ...
INFO  2026-08-01 17:36:45,103 [Task-22:SearchForPatternTool] serena.tools.tools_base:_log_tool_application:279 - search_for_pattern: substring_pattern='how do ingestion symbol bounds end up used by MCP skeleton rendering', context_lines_before=0, context_lines_after=0, paths_include_glob='', paths_exclude_glob='', relative_path='.', restrict_search_to_code_files=False, multiline=True, max_answer_chars=-1, session_id='14c7c00f4d0'; session_id: 14c7c00f4d0
INFO  2026-08-01 17:36:45,698 [Task-22:SearchForPatternTool] serena.util.text_utils:search_files:319 - Processing 3493 files.
INFO  2026-08-01 17:36:46,660 [Task-22:SearchForPatternTool] serena.util.text_utils:search_files:360 - Found 1 total matches across 3493 files
INFO  2026-08-01 17:36:46,661 [Task-22:SearchForPatternTool] serena.tools.tools_base:task:410 - Result: {"tests\\unit\\server\\mcp\\test_mechanism_question.py": ["  >  21:    \"how do ingestion symbol bounds end up used by MCP skeleton rendering\","]}
INFO  2026-08-01 17:36:46,661 [Task-22:SearchForPatternTool] serena.task_executor:stop:336 - Task-22:SearchForPatternTool completed in 1.559 seconds
  serena             E20_bounds_to_skeleton_flow      ok hit@None
INFO  2026-08-01 17:36:46,664 [MainThread] mcp.server.lowlevel.server:_handle_request:733 - Processing request of type CallToolRequest
INFO  2026-08-01 17:36:46,665 [MainThread] serena.task_executor:issue_task:217 - Scheduling Task-23:SearchForPatternTool
INFO  2026-08-01 17:36:46,763 [SerenaAgentTaskExecutor] serena.task_executor:_process_task_queue:139 - Starting execution of Task-23:SearchForPatternTool
INFO  2026-08-01 17:36:46,763 [Task-23:SearchForPatternTool] serena.task_executor:start:329 - Task-23:SearchForPatternTool starting ...
INFO  2026-08-01 17:36:46,764 [Task-23:SearchForPatternTool] serena.tools.tools_base:_log_tool_application:279 - search_for_pattern: substring_pattern="how does a parsed symbol's line range travel from ingestion into a get_answer symbol body", context_lines_before=0, context_lines_after=0, paths_include_glob='', paths_exclude_glob='', relative_path='.', restrict_search_to_code_files=False, multiline=True, max_answer_chars=-1, session_id='14c7c00f4d0'; session_id: 14c7c00f4d0
INFO  2026-08-01 17:36:47,362 [Task-23:SearchForPatternTool] serena.util.text_utils:search_files:319 - Processing 3493 files.
INFO  2026-08-01 17:36:48,869 [Task-23:SearchForPatternTool] serena.util.text_utils:search_files:360 - Found 0 total matches across 3493 files
INFO  2026-08-01 17:36:48,869 [Task-23:SearchForPatternTool] serena.tools.tools_base:task:410 - Result: {}
INFO  2026-08-01 17:36:48,870 [Task-23:SearchForPatternTool] serena.task_executor:stop:336 - Task-23:SearchForPatternTool completed in 2.106 seconds
  serena             E21_parse_to_body_flow           ok hit@None
INFO  2026-08-01 17:36:48,873 [MainThread] mcp.server.lowlevel.server:_handle_request:733 - Processing request of type CallToolRequest
INFO  2026-08-01 17:36:48,873 [MainThread] serena.task_executor:issue_task:217 - Scheduling Task-24:SearchForPatternTool
INFO  2026-08-01 17:36:48,971 [SerenaAgentTaskExecutor] serena.task_executor:_process_task_queue:139 - Starting execution of Task-24:SearchForPatternTool
INFO  2026-08-01 17:36:48,972 [Task-24:SearchForPatternTool] serena.task_executor:start:329 - Task-24:SearchForPatternTool starting ...
INFO  2026-08-01 17:36:48,972 [Task-24:SearchForPatternTool] serena.tools.tools_base:_log_tool_application:279 - search_for_pattern: substring_pattern='how does a retrieval hit in get_answer become an enriched symbol body served to the agent', context_lines_before=0, context_lines_after=0, paths_include_glob='', paths_exclude_glob='', relative_path='.', restrict_search_to_code_files=False, multiline=True, max_answer_chars=-1, session_id='14c7c00f4d0'; session_id: 14c7c00f4d0
INFO  2026-08-01 17:36:49,561 [Task-24:SearchForPatternTool] serena.util.text_utils:search_files:319 - Processing 3493 files.
INFO  2026-08-01 17:36:50,486 [Task-24:SearchForPatternTool] serena.util.text_utils:search_files:360 - Found 0 total matches across 3493 files
INFO  2026-08-01 17:36:50,487 [Task-24:SearchForPatternTool] serena.tools.tools_base:task:410 - Result: {}
INFO  2026-08-01 17:36:50,488 [Task-24:SearchForPatternTool] serena.task_executor:stop:336 - Task-24:SearchForPatternTool completed in 1.516 seconds
  serena             E22_retrieval_to_enriched_body   ok hit@None
INFO  2026-08-01 17:36:50,491 [MainThread] mcp.server.lowlevel.server:_handle_request:733 - Processing request of type CallToolRequest
INFO  2026-08-01 17:36:50,492 [MainThread] serena.task_executor:issue_task:217 - Scheduling Task-25:SearchForPatternTool
INFO  2026-08-01 17:36:50,589 [SerenaAgentTaskExecutor] serena.task_executor:_process_task_queue:139 - Starting execution of Task-25:SearchForPatternTool
INFO  2026-08-01 17:36:50,589 [Task-25:SearchForPatternTool] serena.task_executor:start:329 - Task-25:SearchForPatternTool starting ...
INFO  2026-08-01 17:36:50,590 [Task-25:SearchForPatternTool] serena.tools.tools_base:_log_tool_application:279 - search_for_pattern: substring_pattern='how does a changed file get its symbols re-persisted during a repowise update', context_lines_before=0, context_lines_after=0, paths_include_glob='', paths_exclude_glob='', relative_path='.', restrict_search_to_code_files=False, multiline=True, max_answer_chars=-1, session_id='14c7c00f4d0'; session_id: 14c7c00f4d0
INFO  2026-08-01 17:36:51,159 [Task-25:SearchForPatternTool] serena.util.text_utils:search_files:319 - Processing 3493 files.
INFO  2026-08-01 17:36:52,122 [Task-25:SearchForPatternTool] serena.util.text_utils:search_files:360 - Found 0 total matches across 3493 files
INFO  2026-08-01 17:36:52,123 [Task-25:SearchForPatternTool] serena.tools.tools_base:task:410 - Result: {}
INFO  2026-08-01 17:36:52,123 [Task-25:SearchForPatternTool] serena.task_executor:stop:336 - Task-25:SearchForPatternTool completed in 1.533 seconds
  serena             E23_changed_file_repersist_flow  ok hit@None
INFO  2026-08-01 17:36:52,126 [MainThread] mcp.server.lowlevel.server:_handle_request:733 - Processing request of type CallToolRequest
INFO  2026-08-01 17:36:52,126 [MainThread] serena.task_executor:issue_task:217 - Scheduling Task-26:SearchForPatternTool
INFO  2026-08-01 17:36:52,224 [SerenaAgentTaskExecutor] serena.task_executor:_process_task_queue:139 - Starting execution of Task-26:SearchForPatternTool
INFO  2026-08-01 17:36:52,225 [Task-26:SearchForPatternTool] serena.task_executor:start:329 - Task-26:SearchForPatternTool starting ...
INFO  2026-08-01 17:36:52,225 [Task-26:SearchForPatternTool] serena.tools.tools_base:_log_tool_application:279 - search_for_pattern: substring_pattern='how does retrieval feed synthesis in get_answer', context_lines_before=0, context_lines_after=0, paths_include_glob='', paths_exclude_glob='', relative_path='.', restrict_search_to_code_files=False, multiline=True, max_answer_chars=-1, session_id='14c7c00f4d0'; session_id: 14c7c00f4d0
INFO  2026-08-01 17:36:52,974 [Task-26:SearchForPatternTool] serena.util.text_utils:search_files:319 - Processing 3493 files.
INFO  2026-08-01 17:36:53,969 [Task-26:SearchForPatternTool] serena.util.text_utils:search_files:360 - Found 5 total matches across 3493 files
INFO  2026-08-01 17:36:53,970 [Task-26:SearchForPatternTool] serena.tools.tools_base:task:410 - Result: {"tests\\unit\\server\\mcp\\test_mechanism_question.py": ["  >  23:    \"how does retrieval feed synthesis in get_answer\","], "tests\\unit\\server\\mcp\\test_neighbor_rerank.py": ["  >  93:    assert is_flow_question(\"how does retrieval feed synthesis in get_answer\")"], "tests\\unit\\server\\mcp\\test_search.py": ["  > 739:        assert _prose_dominates(\"how does retrieval feed synthesis in get_answer\", [\"get_answer\"])", "  > 751:            \"how does retrieval feed synthesis in get_answer\",", "  > 785:            \"how does retrieval feed synthesis in get_answer\", symbols, [], limit=5, exact=False"]}
INFO  2026-08-01 17:36:53,970 [Task-26:SearchForPatternTool] serena.task_executor:stop:336 - Task-26:SearchForPatternTool completed in 1.745 seconds
  serena             E24_retrieval_feeds_synthesis_flow ok hit@None
INFO  2026-08-01 17:36:53,973 [MainThread] mcp.server.lowlevel.server:_handle_request:733 - Processing request of type CallToolRequest
INFO  2026-08-01 17:36:53,973 [MainThread] serena.task_executor:issue_task:217 - Scheduling Task-27:SearchForPatternTool
INFO  2026-08-01 17:36:54,071 [SerenaAgentTaskExecutor] serena.task_executor:_process_task_queue:139 - Starting execution of Task-27:SearchForPatternTool
INFO  2026-08-01 17:36:54,072 [Task-27:SearchForPatternTool] serena.task_executor:start:329 - Task-27:SearchForPatternTool starting ...
INFO  2026-08-01 17:36:54,072 [Task-27:SearchForPatternTool] serena.tools.tools_base:_log_tool_application:279 - search_for_pattern: substring_pattern='how does retrieval feed synthesis in get_answer', context_lines_before=0, context_lines_after=0, paths_include_glob='', paths_exclude_glob='', relative_path='.', restrict_search_to_code_files=False, multiline=True, max_answer_chars=-1, session_id='14c7c00f4d0'; session_id: 14c7c00f4d0
INFO  2026-08-01 17:36:54,726 [Task-27:SearchForPatternTool] serena.util.text_utils:search_files:319 - Processing 3493 files.
INFO  2026-08-01 17:36:55,662 [Task-27:SearchForPatternTool] serena.util.text_utils:search_files:360 - Found 5 total matches across 3493 files
INFO  2026-08-01 17:36:55,664 [Task-27:SearchForPatternTool] serena.tools.tools_base:task:410 - Result: {"tests\\unit\\server\\mcp\\test_mechanism_question.py": ["  >  23:    \"how does retrieval feed synthesis in get_answer\","], "tests\\unit\\server\\mcp\\test_neighbor_rerank.py": ["  >  93:    assert is_flow_question(\"how does retrieval feed synthesis in get_answer\")"], "tests\\unit\\server\\mcp\\test_search.py": ["  > 739:        assert _prose_dominates(\"how does retrieval feed synthesis in get_answer\", [\"get_answer\"])", "  > 751:            \"how does retrieval feed synthesis in get_answer\",", "  > 785:            \"how does retrieval feed synthesis in get_answer\", symbols, [], limit=5, exact=False"]}
INFO  2026-08-01 17:36:55,664 [Task-27:SearchForPatternTool] serena.task_executor:stop:336 - Task-27:SearchForPatternTool completed in 1.592 seconds
  serena             E25_hybrid_repro_get_answer      ok hit@None
INFO  2026-08-01 17:36:55,667 [MainThread] mcp.server.lowlevel.server:_handle_request:733 - Processing request of type CallToolRequest
INFO  2026-08-01 17:36:55,668 [MainThread] serena.task_executor:issue_task:217 - Scheduling Task-28:SearchForPatternTool
INFO  2026-08-01 17:36:55,765 [SerenaAgentTaskExecutor] serena.task_executor:_process_task_queue:139 - Starting execution of Task-28:SearchForPatternTool
INFO  2026-08-01 17:36:55,766 [Task-28:SearchForPatternTool] serena.task_executor:start:329 - Task-28:SearchForPatternTool starting ...
INFO  2026-08-01 17:36:55,766 [Task-28:SearchForPatternTool] serena.tools.tools_base:_log_tool_application:279 - search_for_pattern: substring_pattern='where does the pipeline call batch_upsert_symbols during persist', context_lines_before=0, context_lines_after=0, paths_include_glob='', paths_exclude_glob='', relative_path='.', restrict_search_to_code_files=False, multiline=True, max_answer_chars=-1, session_id='14c7c00f4d0'; session_id: 14c7c00f4d0
INFO  2026-08-01 17:36:56,351 [Task-28:SearchForPatternTool] serena.util.text_utils:search_files:319 - Processing 3493 files.
INFO  2026-08-01 17:36:57,188 [Task-28:SearchForPatternTool] serena.util.text_utils:search_files:360 - Found 0 total matches across 3493 files
INFO  2026-08-01 17:36:57,190 [Task-28:SearchForPatternTool] serena.tools.tools_base:task:410 - Result: {}
INFO  2026-08-01 17:36:57,190 [Task-28:SearchForPatternTool] serena.task_executor:stop:336 - Task-28:SearchForPatternTool completed in 1.424 seconds
  serena             E26_pipeline_calls_upsert        ok hit@None
INFO  2026-08-01 17:36:57,192 [MainThread] mcp.server.lowlevel.server:_handle_request:733 - Processing request of type CallToolRequest
INFO  2026-08-01 17:36:57,193 [MainThread] serena.task_executor:issue_task:217 - Scheduling Task-29:SearchForPatternTool
INFO  2026-08-01 17:36:57,291 [SerenaAgentTaskExecutor] serena.task_executor:_process_task_queue:139 - Starting execution of Task-29:SearchForPatternTool
INFO  2026-08-01 17:36:57,292 [Task-29:SearchForPatternTool] serena.task_executor:start:329 - Task-29:SearchForPatternTool starting ...
INFO  2026-08-01 17:36:57,292 [Task-29:SearchForPatternTool] serena.tools.tools_base:_log_tool_application:279 - search_for_pattern: substring_pattern='how does the walker compute cyclomatic complexity in ComplexityWalker', context_lines_before=0, context_lines_after=0, paths_include_glob='', paths_exclude_glob='', relative_path='.', restrict_search_to_code_files=False, multiline=True, max_answer_chars=-1, session_id='14c7c00f4d0'; session_id: 14c7c00f4d0
INFO  2026-08-01 17:36:57,862 [Task-29:SearchForPatternTool] serena.util.text_utils:search_files:319 - Processing 3493 files.
INFO  2026-08-01 17:36:58,692 [Task-29:SearchForPatternTool] serena.util.text_utils:search_files:360 - Found 0 total matches across 3493 files
INFO  2026-08-01 17:36:58,693 [Task-29:SearchForPatternTool] serena.tools.tools_base:task:410 - Result: {}
INFO  2026-08-01 17:36:58,694 [Task-29:SearchForPatternTool] serena.task_executor:stop:336 - Task-29:SearchForPatternTool completed in 1.402 seconds
  serena             E27_walker_cyclomatic            ok hit@None
INFO  2026-08-01 17:36:58,696 [MainThread] mcp.server.lowlevel.server:_handle_request:733 - Processing request of type CallToolRequest
INFO  2026-08-01 17:36:58,696 [MainThread] serena.task_executor:issue_task:217 - Scheduling Task-30:SearchForPatternTool
INFO  2026-08-01 17:36:58,795 [SerenaAgentTaskExecutor] serena.task_executor:_process_task_queue:139 - Starting execution of Task-30:SearchForPatternTool
INFO  2026-08-01 17:36:58,796 [Task-30:SearchForPatternTool] serena.task_executor:start:329 - Task-30:SearchForPatternTool starting ...
INFO  2026-08-01 17:36:58,796 [Task-30:SearchForPatternTool] serena.tools.tools_base:_log_tool_application:279 - search_for_pattern: substring_pattern='what does filter_dicts_by_key do when the key is missing', context_lines_before=0, context_lines_after=0, paths_include_glob='', paths_exclude_glob='', relative_path='.', restrict_search_to_code_files=False, multiline=True, max_answer_chars=-1, session_id='14c7c00f4d0'; session_id: 14c7c00f4d0
INFO  2026-08-01 17:36:59,385 [Task-30:SearchForPatternTool] serena.util.text_utils:search_files:319 - Processing 3493 files.
INFO  2026-08-01 17:37:00,321 [Task-30:SearchForPatternTool] serena.util.text_utils:search_files:360 - Found 0 total matches across 3493 files
INFO  2026-08-01 17:37:00,322 [Task-30:SearchForPatternTool] serena.tools.tools_base:task:410 - Result: {}
INFO  2026-08-01 17:37:00,323 [Task-30:SearchForPatternTool] serena.task_executor:stop:336 - Task-30:SearchForPatternTool completed in 1.527 seconds
  serena             E28_filter_dicts_missing_key     ok hit@None
INFO  2026-08-01 17:37:00,326 [MainThread] mcp.server.lowlevel.server:_handle_request:733 - Processing request of type CallToolRequest
INFO  2026-08-01 17:37:00,326 [MainThread] serena.task_executor:issue_task:217 - Scheduling Task-31:SearchForPatternTool
INFO  2026-08-01 17:37:00,425 [SerenaAgentTaskExecutor] serena.task_executor:_process_task_queue:139 - Starting execution of Task-31:SearchForPatternTool
INFO  2026-08-01 17:37:00,425 [Task-31:SearchForPatternTool] serena.task_executor:start:329 - Task-31:SearchForPatternTool starting ...
INFO  2026-08-01 17:37:00,426 [Task-31:SearchForPatternTool] serena.tools.tools_base:_log_tool_application:279 - search_for_pattern: substring_pattern='how does get_symbol heal a drifted row via verify_and_heal', context_lines_before=0, context_lines_after=0, paths_include_glob='', paths_exclude_glob='', relative_path='.', restrict_search_to_code_files=False, multiline=True, max_answer_chars=-1, session_id='14c7c00f4d0'; session_id: 14c7c00f4d0
INFO  2026-08-01 17:37:01,059 [Task-31:SearchForPatternTool] serena.util.text_utils:search_files:319 - Processing 3493 files.
INFO  2026-08-01 17:37:02,020 [Task-31:SearchForPatternTool] serena.util.text_utils:search_files:360 - Found 0 total matches across 3493 files
INFO  2026-08-01 17:37:02,023 [Task-31:SearchForPatternTool] serena.tools.tools_base:task:410 - Result: {}
INFO  2026-08-01 17:37:02,023 [Task-31:SearchForPatternTool] serena.task_executor:stop:336 - Task-31:SearchForPatternTool completed in 1.597 seconds
  serena             E29_get_symbol_heal_row          ok hit@None
INFO  2026-08-01 17:37:02,026 [MainThread] mcp.server.lowlevel.server:_handle_request:733 - Processing request of type CallToolRequest
INFO  2026-08-01 17:37:02,027 [MainThread] serena.task_executor:issue_task:217 - Scheduling Task-32:SearchForPatternTool
INFO  2026-08-01 17:37:02,124 [SerenaAgentTaskExecutor] serena.task_executor:_process_task_queue:139 - Starting execution of Task-32:SearchForPatternTool
INFO  2026-08-01 17:37:02,125 [Task-32:SearchForPatternTool] serena.task_executor:start:329 - Task-32:SearchForPatternTool starting ...
INFO  2026-08-01 17:37:02,125 [Task-32:SearchForPatternTool] serena.tools.tools_base:_log_tool_application:279 - search_for_pattern: substring_pattern='How does get_answer decide the confidence level it reports for an answer?', context_lines_before=0, context_lines_after=0, paths_include_glob='', paths_exclude_glob='', relative_path='.', restrict_search_to_code_files=False, multiline=True, max_answer_chars=-1, session_id='14c7c00f4d0'; session_id: 14c7c00f4d0
INFO  2026-08-01 17:37:02,767 [Task-32:SearchForPatternTool] serena.util.text_utils:search_files:319 - Processing 3493 files.
INFO  2026-08-01 17:37:03,609 [Task-32:SearchForPatternTool] serena.util.text_utils:search_files:360 - Found 0 total matches across 3493 files
INFO  2026-08-01 17:37:03,610 [Task-32:SearchForPatternTool] serena.tools.tools_base:task:410 - Result: {}
INFO  2026-08-01 17:37:03,610 [Task-32:SearchForPatternTool] serena.task_executor:stop:336 - Task-32:SearchForPatternTool completed in 1.485 seconds
  serena             E30_answer_confidence            ok hit@None
INFO  2026-08-01 17:37:03,613 [MainThread] mcp.server.lowlevel.server:_handle_request:733 - Processing request of type CallToolRequest
INFO  2026-08-01 17:37:03,613 [MainThread] serena.task_executor:issue_task:217 - Scheduling Task-33:SearchForPatternTool
INFO  2026-08-01 17:37:03,711 [SerenaAgentTaskExecutor] serena.task_executor:_process_task_queue:139 - Starting execution of Task-33:SearchForPatternTool
INFO  2026-08-01 17:37:03,711 [Task-33:SearchForPatternTool] serena.task_executor:start:329 - Task-33:SearchForPatternTool starting ...
INFO  2026-08-01 17:37:03,711 [Task-33:SearchForPatternTool] serena.tools.tools_base:_log_tool_application:279 - search_for_pattern: substring_pattern='How does the co-change coupling graph compute the co_change_count between two files?', context_lines_before=0, context_lines_after=0, paths_include_glob='', paths_exclude_glob='', relative_path='.', restrict_search_to_code_files=False, multiline=True, max_answer_chars=-1, session_id='14c7c00f4d0'; session_id: 14c7c00f4d0
INFO  2026-08-01 17:37:04,312 [Task-33:SearchForPatternTool] serena.util.text_utils:search_files:319 - Processing 3493 files.
INFO  2026-08-01 17:37:05,217 [Task-33:SearchForPatternTool] serena.util.text_utils:search_files:360 - Found 0 total matches across 3493 files
INFO  2026-08-01 17:37:05,218 [Task-33:SearchForPatternTool] serena.tools.tools_base:task:410 - Result: {}
INFO  2026-08-01 17:37:05,218 [Task-33:SearchForPatternTool] serena.task_executor:stop:336 - Task-33:SearchForPatternTool completed in 1.507 seconds
  serena             E31_co_change_count              ok hit@None
INFO  2026-08-01 17:37:05,222 [MainThread] mcp.server.lowlevel.server:_handle_request:733 - Processing request of type CallToolRequest
INFO  2026-08-01 17:37:05,222 [MainThread] serena.task_executor:issue_task:217 - Scheduling Task-34:SearchForPatternTool
INFO  2026-08-01 17:37:05,320 [SerenaAgentTaskExecutor] serena.task_executor:_process_task_queue:139 - Starting execution of Task-34:SearchForPatternTool
INFO  2026-08-01 17:37:05,321 [Task-34:SearchForPatternTool] serena.task_executor:start:329 - Task-34:SearchForPatternTool starting ...
INFO  2026-08-01 17:37:05,321 [Task-34:SearchForPatternTool] serena.tools.tools_base:_log_tool_application:279 - search_for_pattern: substring_pattern='reconcile_symbols_for_files', context_lines_before=0, context_lines_after=0, paths_include_glob='', paths_exclude_glob='', relative_path='.', restrict_search_to_code_files=False, multiline=True, max_answer_chars=-1, session_id='14c7c00f4d0'; session_id: 14c7c00f4d0
INFO  2026-08-01 17:37:05,892 [Task-34:SearchForPatternTool] serena.util.text_utils:search_files:319 - Processing 3493 files.
INFO  2026-08-01 17:37:06,737 [Task-34:SearchForPatternTool] serena.util.text_utils:search_files:360 - Found 8 total matches across 3493 files
INFO  2026-08-01 17:37:06,739 [Task-34:SearchForPatternTool] serena.tools.tools_base:task:410 - Result: {"packages\\core\\src\\repowise\\core\\persistence\\crud\\external_systems.py": ["  > 224:async def reconcile_symbols_for_files("], "packages\\core\\src\\repowise\\core\\persistence\\crud\\graph.py": ["  > 141:    Sibling of :func:`reconcile_symbols_for_files` for the edge table. The"], "packages\\core\\src\\repowise\\core\\pipeline\\persist.py": ["  > 444:    from repowise.core.persistence.crud import reconcile_symbols_for_files", "  > 449:    await reconcile_symbols_for_files(session, repo_id, reconcile_paths, symbols)"], "tests\\unit\\persistence\\test_incremental_symbol_persist.py": ["  >  66:    from repowise.core.persistence.crud import reconcile_symbols_for_files", "  >  87:    pruned = await reconcile_symbols_for_files(async_session, repo.id, [\"m.py\"], syms)"], "tests\\unit\\server\\mcp\\test_mechanism_question.py": ["  >  41:    \"which file defines reconcile_symbols_for_files\",", "  >  42:    \"reconcile_symbols_for_files\",                  # bare identifier"]}
INFO  2026-08-01 17:37:06,739 [Task-34:SearchForPatternTool] serena.task_executor:stop:336 - Task-34:SearchForPatternTool completed in 1.418 seconds
  serena             E32_reconcile_symbols            ok hit@None
INFO  2026-08-01 17:37:06,742 [MainThread] mcp.server.lowlevel.server:_handle_request:733 - Processing request of type CallToolRequest
INFO  2026-08-01 17:37:06,742 [MainThread] serena.task_executor:issue_task:217 - Scheduling Task-35:SearchForPatternTool
INFO  2026-08-01 17:37:06,840 [SerenaAgentTaskExecutor] serena.task_executor:_process_task_queue:139 - Starting execution of Task-35:SearchForPatternTool
INFO  2026-08-01 17:37:06,841 [Task-35:SearchForPatternTool] serena.task_executor:start:329 - Task-35:SearchForPatternTool starting ...
INFO  2026-08-01 17:37:06,841 [Task-35:SearchForPatternTool] serena.tools.tools_base:_log_tool_application:279 - search_for_pattern: substring_pattern='How does get_why surface architectural decision rationale with supporting evidence?', context_lines_before=0, context_lines_after=0, paths_include_glob='', paths_exclude_glob='', relative_path='.', restrict_search_to_code_files=False, multiline=True, max_answer_chars=-1, session_id='14c7c00f4d0'; session_id: 14c7c00f4d0
INFO  2026-08-01 17:37:07,421 [Task-35:SearchForPatternTool] serena.util.text_utils:search_files:319 - Processing 3493 files.
INFO  2026-08-01 17:37:08,293 [Task-35:SearchForPatternTool] serena.util.text_utils:search_files:360 - Found 0 total matches across 3493 files
INFO  2026-08-01 17:37:08,294 [Task-35:SearchForPatternTool] serena.tools.tools_base:task:410 - Result: {}
INFO  2026-08-01 17:37:08,294 [Task-35:SearchForPatternTool] serena.task_executor:stop:336 - Task-35:SearchForPatternTool completed in 1.453 seconds
  serena             E33_get_why_rationale            ok hit@None
INFO  2026-08-01 17:37:08,298 [MainThread] mcp.server.lowlevel.server:_handle_request:733 - Processing request of type CallToolRequest
INFO  2026-08-01 17:37:08,298 [MainThread] serena.task_executor:issue_task:217 - Scheduling Task-36:SearchForPatternTool
INFO  2026-08-01 17:37:08,396 [SerenaAgentTaskExecutor] serena.task_executor:_process_task_queue:139 - Starting execution of Task-36:SearchForPatternTool
INFO  2026-08-01 17:37:08,397 [Task-36:SearchForPatternTool] serena.task_executor:start:329 - Task-36:SearchForPatternTool starting ...
INFO  2026-08-01 17:37:08,397 [Task-36:SearchForPatternTool] serena.tools.tools_base:_log_tool_application:279 - search_for_pattern: substring_pattern='How does get_answer fall back to best_guesses when confidence is low?', context_lines_before=0, context_lines_after=0, paths_include_glob='', paths_exclude_glob='', relative_path='.', restrict_search_to_code_files=False, multiline=True, max_answer_chars=-1, session_id='14c7c00f4d0'; session_id: 14c7c00f4d0
INFO  2026-08-01 17:37:08,973 [Task-36:SearchForPatternTool] serena.util.text_utils:search_files:319 - Processing 3493 files.
INFO  2026-08-01 17:37:09,864 [Task-36:SearchForPatternTool] serena.util.text_utils:search_files:360 - Found 0 total matches across 3493 files
INFO  2026-08-01 17:37:09,867 [Task-36:SearchForPatternTool] serena.tools.tools_base:task:410 - Result: {}
INFO  2026-08-01 17:37:09,867 [Task-36:SearchForPatternTool] serena.task_executor:stop:336 - Task-36:SearchForPatternTool completed in 1.470 seconds
  serena             E34_best_guesses_fallback        ok hit@None
INFO  2026-08-01 17:37:09,870 [MainThread] mcp.server.lowlevel.server:_handle_request:733 - Processing request of type CallToolRequest
INFO  2026-08-01 17:37:09,870 [MainThread] serena.task_executor:issue_task:217 - Scheduling Task-37:SearchForPatternTool
INFO  2026-08-01 17:37:09,968 [SerenaAgentTaskExecutor] serena.task_executor:_process_task_queue:139 - Starting execution of Task-37:SearchForPatternTool
INFO  2026-08-01 17:37:09,969 [Task-37:SearchForPatternTool] serena.task_executor:start:329 - Task-37:SearchForPatternTool starting ...
INFO  2026-08-01 17:37:09,969 [Task-37:SearchForPatternTool] serena.tools.tools_base:_log_tool_application:279 - search_for_pattern: substring_pattern='how does _has_exact_symbol decide whether a returned symbol is an exact match', context_lines_before=0, context_lines_after=0, paths_include_glob='', paths_exclude_glob='', relative_path='.', restrict_search_to_code_files=False, multiline=True, max_answer_chars=-1, session_id='14c7c00f4d0'; session_id: 14c7c00f4d0
INFO  2026-08-01 17:37:10,575 [Task-37:SearchForPatternTool] serena.util.text_utils:search_files:319 - Processing 3493 files.
INFO  2026-08-01 17:37:11,510 [Task-37:SearchForPatternTool] serena.util.text_utils:search_files:360 - Found 0 total matches across 3493 files
INFO  2026-08-01 17:37:11,512 [Task-37:SearchForPatternTool] serena.tools.tools_base:task:410 - Result: {}
INFO  2026-08-01 17:37:11,512 [Task-37:SearchForPatternTool] serena.task_executor:stop:336 - Task-37:SearchForPatternTool completed in 1.543 seconds
  serena             E35_has_exact_symbol             ok hit@None
INFO  2026-08-01 17:37:11,515 [MainThread] mcp.server.lowlevel.server:_handle_request:733 - Processing request of type CallToolRequest
INFO  2026-08-01 17:37:11,515 [MainThread] serena.task_executor:issue_task:217 - Scheduling Task-38:SearchForPatternTool
INFO  2026-08-01 17:37:11,612 [SerenaAgentTaskExecutor] serena.task_executor:_process_task_queue:139 - Starting execution of Task-38:SearchForPatternTool
INFO  2026-08-01 17:37:11,613 [Task-38:SearchForPatternTool] serena.task_executor:start:329 - Task-38:SearchForPatternTool starting ...
INFO  2026-08-01 17:37:11,613 [Task-38:SearchForPatternTool] serena.tools.tools_base:_log_tool_application:279 - search_for_pattern: substring_pattern='how does the hydrator route an unrelocatable union definition to a get_symbol pointer instead of inlining it', context_lines_before=0, context_lines_after=0, paths_include_glob='', paths_exclude_glob='', relative_path='.', restrict_search_to_code_files=False, multiline=True, max_answer_chars=-1, session_id='14c7c00f4d0'; session_id: 14c7c00f4d0
INFO  2026-08-01 17:37:12,195 [Task-38:SearchForPatternTool] serena.util.text_utils:search_files:319 - Processing 3493 files.
INFO  2026-08-01 17:37:13,043 [Task-38:SearchForPatternTool] serena.util.text_utils:search_files:360 - Found 0 total matches across 3493 files
INFO  2026-08-01 17:37:13,044 [Task-38:SearchForPatternTool] serena.tools.tools_base:task:410 - Result: {}
INFO  2026-08-01 17:37:13,044 [Task-38:SearchForPatternTool] serena.task_executor:stop:336 - Task-38:SearchForPatternTool completed in 1.431 seconds
  serena             E36_union_pointer_route          ok hit@None
INFO  2026-08-01 17:37:13,047 [MainThread] mcp.server.lowlevel.server:_handle_request:733 - Processing request of type CallToolRequest
INFO  2026-08-01 17:37:13,048 [MainThread] serena.task_executor:issue_task:217 - Scheduling Task-39:SearchForPatternTool
INFO  2026-08-01 17:37:13,146 [SerenaAgentTaskExecutor] serena.task_executor:_process_task_queue:139 - Starting execution of Task-39:SearchForPatternTool
INFO  2026-08-01 17:37:13,146 [Task-39:SearchForPatternTool] serena.task_executor:start:329 - Task-39:SearchForPatternTool starting ...
INFO  2026-08-01 17:37:13,146 [Task-39:SearchForPatternTool] serena.tools.tools_base:_log_tool_application:279 - search_for_pattern: substring_pattern='How does the ingestion phase parse files in parallel using a process pool during repowise init?', context_lines_before=0, context_lines_after=0, paths_include_glob='', paths_exclude_glob='', relative_path='.', restrict_search_to_code_files=False, multiline=True, max_answer_chars=-1, session_id='14c7c00f4d0'; session_id: 14c7c00f4d0
INFO  2026-08-01 17:37:13,721 [Task-39:SearchForPatternTool] serena.util.text_utils:search_files:319 - Processing 3493 files.
INFO  2026-08-01 17:37:14,557 [Task-39:SearchForPatternTool] serena.util.text_utils:search_files:360 - Found 0 total matches across 3493 files
INFO  2026-08-01 17:37:14,558 [Task-39:SearchForPatternTool] serena.tools.tools_base:task:410 - Result: {}
INFO  2026-08-01 17:37:14,558 [Task-39:SearchForPatternTool] serena.task_executor:stop:336 - Task-39:SearchForPatternTool completed in 1.412 seconds
  serena             E38_parallel_ingestion_parse     ok hit@None
INFO  2026-08-01 17:37:14,561 [MainThread] mcp.server.lowlevel.server:_handle_request:733 - Processing request of type CallToolRequest
INFO  2026-08-01 17:37:14,562 [MainThread] serena.task_executor:issue_task:217 - Scheduling Task-40:SearchForPatternTool
INFO  2026-08-01 17:37:14,660 [SerenaAgentTaskExecutor] serena.task_executor:_process_task_queue:139 - Starting execution of Task-40:SearchForPatternTool
INFO  2026-08-01 17:37:14,660 [Task-40:SearchForPatternTool] serena.task_executor:start:329 - Task-40:SearchForPatternTool starting ...
INFO  2026-08-01 17:37:14,661 [Task-40:SearchForPatternTool] serena.tools.tools_base:_log_tool_application:279 - search_for_pattern: substring_pattern='where is _ImportEdgeView defined and what does it adapt', context_lines_before=0, context_lines_after=0, paths_include_glob='', paths_exclude_glob='', relative_path='.', restrict_search_to_code_files=False, multiline=True, max_answer_chars=-1, session_id='14c7c00f4d0'; session_id: 14c7c00f4d0
INFO  2026-08-01 17:37:15,236 [Task-40:SearchForPatternTool] serena.util.text_utils:search_files:319 - Processing 3493 files.
INFO  2026-08-01 17:37:16,080 [Task-40:SearchForPatternTool] serena.util.text_utils:search_files:360 - Found 0 total matches across 3493 files
INFO  2026-08-01 17:37:16,083 [Task-40:SearchForPatternTool] serena.tools.tools_base:task:410 - Result: {}
INFO  2026-08-01 17:37:16,083 [Task-40:SearchForPatternTool] serena.task_executor:stop:336 - Task-40:SearchForPatternTool completed in 1.422 seconds
  serena             E39_import_edge_view             ok hit@None
INFO  2026-08-01 17:37:16,086 [MainThread] mcp.server.lowlevel.server:_handle_request:733 - Processing request of type CallToolRequest
INFO  2026-08-01 17:37:16,086 [MainThread] serena.task_executor:issue_task:217 - Scheduling Task-41:SearchForPatternTool
INFO  2026-08-01 17:37:16,183 [SerenaAgentTaskExecutor] serena.task_executor:_process_task_queue:139 - Starting execution of Task-41:SearchForPatternTool
INFO  2026-08-01 17:37:16,184 [Task-41:SearchForPatternTool] serena.task_executor:start:329 - Task-41:SearchForPatternTool starting ...
INFO  2026-08-01 17:37:16,184 [Task-41:SearchForPatternTool] serena.tools.tools_base:_log_tool_application:279 - search_for_pattern: substring_pattern='where is AgentProvenanceClassifier defined and what does it classify', context_lines_before=0, context_lines_after=0, paths_include_glob='', paths_exclude_glob='', relative_path='.', restrict_search_to_code_files=False, multiline=True, max_answer_chars=-1, session_id='14c7c00f4d0'; session_id: 14c7c00f4d0
INFO  2026-08-01 17:37:16,755 [Task-41:SearchForPatternTool] serena.util.text_utils:search_files:319 - Processing 3493 files.
INFO  2026-08-01 17:37:17,618 [Task-41:SearchForPatternTool] serena.util.text_utils:search_files:360 - Found 0 total matches across 3493 files
INFO  2026-08-01 17:37:17,619 [Task-41:SearchForPatternTool] serena.tools.tools_base:task:410 - Result: {}
INFO  2026-08-01 17:37:17,619 [Task-41:SearchForPatternTool] serena.task_executor:stop:336 - Task-41:SearchForPatternTool completed in 1.435 seconds
  serena             E40_agent_provenance_classifier  ok hit@None
INFO  2026-08-01 17:37:17,622 [MainThread] mcp.server.lowlevel.server:_handle_request:733 - Processing request of type CallToolRequest
INFO  2026-08-01 17:37:17,622 [MainThread] serena.task_executor:issue_task:217 - Scheduling Task-42:SearchForPatternTool
INFO  2026-08-01 17:37:17,720 [SerenaAgentTaskExecutor] serena.task_executor:_process_task_queue:139 - Starting execution of Task-42:SearchForPatternTool
INFO  2026-08-01 17:37:17,721 [Task-42:SearchForPatternTool] serena.task_executor:start:329 - Task-42:SearchForPatternTool starting ...
INFO  2026-08-01 17:37:17,721 [Task-42:SearchForPatternTool] serena.tools.tools_base:_log_tool_application:279 - search_for_pattern: substring_pattern='where is compute_co_changes_and_entropy defined', context_lines_before=0, context_lines_after=0, paths_include_glob='', paths_exclude_glob='', relative_path='.', restrict_search_to_code_files=False, multiline=True, max_answer_chars=-1, session_id='14c7c00f4d0'; session_id: 14c7c00f4d0
INFO  2026-08-01 17:37:18,313 [Task-42:SearchForPatternTool] serena.util.text_utils:search_files:319 - Processing 3493 files.
INFO  2026-08-01 17:37:19,243 [Task-42:SearchForPatternTool] serena.util.text_utils:search_files:360 - Found 0 total matches across 3493 files
INFO  2026-08-01 17:37:19,244 [Task-42:SearchForPatternTool] serena.tools.tools_base:task:410 - Result: {}
INFO  2026-08-01 17:37:19,244 [Task-42:SearchForPatternTool] serena.task_executor:stop:336 - Task-42:SearchForPatternTool completed in 1.524 seconds
  serena             E41_co_change_entropy_def        ok hit@None
INFO  2026-08-01 17:37:19,247 [MainThread] mcp.server.lowlevel.server:_handle_request:733 - Processing request of type CallToolRequest
INFO  2026-08-01 17:37:19,247 [MainThread] serena.task_executor:issue_task:217 - Scheduling Task-43:SearchForPatternTool
INFO  2026-08-01 17:37:19,344 [SerenaAgentTaskExecutor] serena.task_executor:_process_task_queue:139 - Starting execution of Task-43:SearchForPatternTool
INFO  2026-08-01 17:37:19,345 [Task-43:SearchForPatternTool] serena.task_executor:start:329 - Task-43:SearchForPatternTool starting ...
INFO  2026-08-01 17:37:19,345 [Task-43:SearchForPatternTool] serena.tools.tools_base:_log_tool_application:279 - search_for_pattern: substring_pattern='where is build_fix_events defined and what does it produce', context_lines_before=0, context_lines_after=0, paths_include_glob='', paths_exclude_glob='', relative_path='.', restrict_search_to_code_files=False, multiline=True, max_answer_chars=-1, session_id='14c7c00f4d0'; session_id: 14c7c00f4d0
INFO  2026-08-01 17:37:19,923 [Task-43:SearchForPatternTool] serena.util.text_utils:search_files:319 - Processing 3493 files.
INFO  2026-08-01 17:37:20,833 [Task-43:SearchForPatternTool] serena.util.text_utils:search_files:360 - Found 0 total matches across 3493 files
INFO  2026-08-01 17:37:20,835 [Task-43:SearchForPatternTool] serena.tools.tools_base:task:410 - Result: {}
INFO  2026-08-01 17:37:20,835 [Task-43:SearchForPatternTool] serena.task_executor:stop:336 - Task-43:SearchForPatternTool completed in 1.490 seconds
  serena             E42_build_fix_events_def         ok hit@None
INFO  2026-08-01 17:37:20,838 [MainThread] mcp.server.lowlevel.server:_handle_request:733 - Processing request of type CallToolRequest
INFO  2026-08-01 17:37:20,838 [MainThread] serena.task_executor:issue_task:217 - Scheduling Task-44:SearchForPatternTool
INFO  2026-08-01 17:37:20,936 [SerenaAgentTaskExecutor] serena.task_executor:_process_task_queue:139 - Starting execution of Task-44:SearchForPatternTool
INFO  2026-08-01 17:37:20,937 [Task-44:SearchForPatternTool] serena.task_executor:start:329 - Task-44:SearchForPatternTool starting ...
INFO  2026-08-01 17:37:20,937 [Task-44:SearchForPatternTool] serena.tools.tools_base:_log_tool_application:279 - search_for_pattern: substring_pattern='where is the CallResolver class defined', context_lines_before=0, context_lines_after=0, paths_include_glob='', paths_exclude_glob='', relative_path='.', restrict_search_to_code_files=False, multiline=True, max_answer_chars=-1, session_id='14c7c00f4d0'; session_id: 14c7c00f4d0
INFO  2026-08-01 17:37:21,564 [Task-44:SearchForPatternTool] serena.util.text_utils:search_files:319 - Processing 3493 files.
INFO  2026-08-01 17:37:22,518 [Task-44:SearchForPatternTool] serena.util.text_utils:search_files:360 - Found 0 total matches across 3493 files
INFO  2026-08-01 17:37:22,520 [Task-44:SearchForPatternTool] serena.tools.tools_base:task:410 - Result: {}
INFO  2026-08-01 17:37:22,520 [Task-44:SearchForPatternTool] serena.task_executor:stop:336 - Task-44:SearchForPatternTool completed in 1.583 seconds
  serena             E43_call_resolver_def            ok hit@None
INFO  2026-08-01 17:37:22,523 [MainThread] mcp.server.lowlevel.server:_handle_request:733 - Processing request of type CallToolRequest
INFO  2026-08-01 17:37:22,523 [MainThread] serena.task_executor:issue_task:217 - Scheduling Task-45:SearchForPatternTool
INFO  2026-08-01 17:37:22,621 [SerenaAgentTaskExecutor] serena.task_executor:_process_task_queue:139 - Starting execution of Task-45:SearchForPatternTool
INFO  2026-08-01 17:37:22,622 [Task-45:SearchForPatternTool] serena.task_executor:start:329 - Task-45:SearchForPatternTool starting ...
INFO  2026-08-01 17:37:22,622 [Task-45:SearchForPatternTool] serena.tools.tools_base:_log_tool_application:279 - search_for_pattern: substring_pattern='How does ChangeDetector compute the adaptive docs budget from the changed files?', context_lines_before=0, context_lines_after=0, paths_include_glob='', paths_exclude_glob='', relative_path='.', restrict_search_to_code_files=False, multiline=True, max_answer_chars=-1, session_id='14c7c00f4d0'; session_id: 14c7c00f4d0
INFO  2026-08-01 17:37:23,224 [Task-45:SearchForPatternTool] serena.util.text_utils:search_files:319 - Processing 3493 files.
INFO  2026-08-01 17:37:24,150 [Task-45:SearchForPatternTool] serena.util.text_utils:search_files:360 - Found 0 total matches across 3493 files
INFO  2026-08-01 17:37:24,151 [Task-45:SearchForPatternTool] serena.tools.tools_base:task:410 - Result: {}
INFO  2026-08-01 17:37:24,152 [Task-45:SearchForPatternTool] serena.task_executor:stop:336 - Task-45:SearchForPatternTool completed in 1.530 seconds
  serena             E44_change_detector_adaptive_budget ok hit@None
INFO  2026-08-01 17:37:24,155 [MainThread] mcp.server.lowlevel.server:_handle_request:733 - Processing request of type CallToolRequest
INFO  2026-08-01 17:37:24,155 [MainThread] serena.task_executor:issue_task:217 - Scheduling Task-46:SearchForPatternTool
INFO  2026-08-01 17:37:24,253 [SerenaAgentTaskExecutor] serena.task_executor:_process_task_queue:139 - Starting execution of Task-46:SearchForPatternTool
INFO  2026-08-01 17:37:24,254 [Task-46:SearchForPatternTool] serena.task_executor:start:329 - Task-46:SearchForPatternTool starting ...
INFO  2026-08-01 17:37:24,254 [Task-46:SearchForPatternTool] serena.tools.tools_base:_log_tool_application:279 - search_for_pattern: substring_pattern='How does the pipeline checkpoint and resume its phases across a restart?', context_lines_before=0, context_lines_after=0, paths_include_glob='', paths_exclude_glob='', relative_path='.', restrict_search_to_code_files=False, multiline=True, max_answer_chars=-1, session_id='14c7c00f4d0'; session_id: 14c7c00f4d0
INFO  2026-08-01 17:37:24,841 [Task-46:SearchForPatternTool] serena.util.text_utils:search_files:319 - Processing 3493 files.
INFO  2026-08-01 17:37:25,767 [Task-46:SearchForPatternTool] serena.util.text_utils:search_files:360 - Found 0 total matches across 3493 files
INFO  2026-08-01 17:37:25,768 [Task-46:SearchForPatternTool] serena.tools.tools_base:task:410 - Result: {}
INFO  2026-08-01 17:37:25,768 [Task-46:SearchForPatternTool] serena.task_executor:stop:336 - Task-46:SearchForPatternTool completed in 1.515 seconds
  serena             E45_pipeline_checkpoint_resume   ok hit@None
INFO  2026-08-01 17:37:25,771 [MainThread] mcp.server.lowlevel.server:_handle_request:733 - Processing request of type CallToolRequest
INFO  2026-08-01 17:37:25,772 [MainThread] serena.task_executor:issue_task:217 - Scheduling Task-47:SearchForPatternTool
INFO  2026-08-01 17:37:25,870 [SerenaAgentTaskExecutor] serena.task_executor:_process_task_queue:139 - Starting execution of Task-47:SearchForPatternTool
INFO  2026-08-01 17:37:25,871 [Task-47:SearchForPatternTool] serena.task_executor:start:329 - Task-47:SearchForPatternTool starting ...
INFO  2026-08-01 17:37:25,871 [Task-47:SearchForPatternTool] serena.tools.tools_base:_log_tool_application:279 - search_for_pattern: substring_pattern='where is scan_missed_savings defined and what does it scan', context_lines_before=0, context_lines_after=0, paths_include_glob='', paths_exclude_glob='', relative_path='.', restrict_search_to_code_files=False, multiline=True, max_answer_chars=-1, session_id='14c7c00f4d0'; session_id: 14c7c00f4d0
INFO  2026-08-01 17:37:26,478 [Task-47:SearchForPatternTool] serena.util.text_utils:search_files:319 - Processing 3493 files.
INFO  2026-08-01 17:37:27,464 [Task-47:SearchForPatternTool] serena.util.text_utils:search_files:360 - Found 0 total matches across 3493 files
INFO  2026-08-01 17:37:27,466 [Task-47:SearchForPatternTool] serena.tools.tools_base:task:410 - Result: {}
INFO  2026-08-01 17:37:27,466 [Task-47:SearchForPatternTool] serena.task_executor:stop:336 - Task-47:SearchForPatternTool completed in 1.596 seconds
  serena             E46_scan_missed_savings          ok hit@None
INFO  2026-08-01 17:37:27,469 [MainThread] mcp.server.lowlevel.server:_handle_request:733 - Processing request of type CallToolRequest
INFO  2026-08-01 17:37:27,470 [MainThread] serena.task_executor:issue_task:217 - Scheduling Task-48:SearchForPatternTool
INFO  2026-08-01 17:37:27,568 [SerenaAgentTaskExecutor] serena.task_executor:_process_task_queue:139 - Starting execution of Task-48:SearchForPatternTool
INFO  2026-08-01 17:37:27,568 [Task-48:SearchForPatternTool] serena.task_executor:start:329 - Task-48:SearchForPatternTool starting ...
INFO  2026-08-01 17:37:27,569 [Task-48:SearchForPatternTool] serena.tools.tools_base:_log_tool_application:279 - search_for_pattern: substring_pattern='How does get_symbol resolve an omission ref like repowise#<hex> back to a symbol?', context_lines_before=0, context_lines_after=0, paths_include_glob='', paths_exclude_glob='', relative_path='.', restrict_search_to_code_files=False, multiline=True, max_answer_chars=-1, session_id='14c7c00f4d0'; session_id: 14c7c00f4d0
INFO  2026-08-01 17:37:28,241 [Task-48:SearchForPatternTool] serena.util.text_utils:search_files:319 - Processing 3493 files.
INFO  2026-08-01 17:37:29,204 [Task-48:SearchForPatternTool] serena.util.text_utils:search_files:360 - Found 0 total matches across 3493 files
INFO  2026-08-01 17:37:29,206 [Task-48:SearchForPatternTool] serena.tools.tools_base:task:410 - Result: {}
INFO  2026-08-01 17:37:29,206 [Task-48:SearchForPatternTool] serena.task_executor:stop:336 - Task-48:SearchForPatternTool completed in 1.637 seconds
  serena             E47_get_symbol_omission_ref      ok hit@None
INFO  2026-08-01 17:37:29,209 [MainThread] mcp.server.lowlevel.server:_handle_request:733 - Processing request of type CallToolRequest
INFO  2026-08-01 17:37:29,209 [MainThread] serena.task_executor:issue_task:217 - Scheduling Task-49:SearchForPatternTool
INFO  2026-08-01 17:37:29,308 [SerenaAgentTaskExecutor] serena.task_executor:_process_task_queue:139 - Starting execution of Task-49:SearchForPatternTool
INFO  2026-08-01 17:37:29,308 [Task-49:SearchForPatternTool] serena.task_executor:start:329 - Task-49:SearchForPatternTool starting ...
INFO  2026-08-01 17:37:29,308 [Task-49:SearchForPatternTool] serena.tools.tools_base:_log_tool_application:279 - search_for_pattern: substring_pattern='How does get_symbol fall back to a live grep when a symbol is not indexed?', context_lines_before=0, context_lines_after=0, paths_include_glob='', paths_exclude_glob='', relative_path='.', restrict_search_to_code_files=False, multiline=True, max_answer_chars=-1, session_id='14c7c00f4d0'; session_id: 14c7c00f4d0
INFO  2026-08-01 17:37:29,893 [Task-49:SearchForPatternTool] serena.util.text_utils:search_files:319 - Processing 3493 files.
INFO  2026-08-01 17:37:30,782 [Task-49:SearchForPatternTool] serena.util.text_utils:search_files:360 - Found 0 total matches across 3493 files
INFO  2026-08-01 17:37:30,785 [Task-49:SearchForPatternTool] serena.tools.tools_base:task:410 - Result: {}
INFO  2026-08-01 17:37:30,785 [Task-49:SearchForPatternTool] serena.task_executor:stop:336 - Task-49:SearchForPatternTool completed in 1.477 seconds
  serena             E48_get_symbol_live_grep_fallback ok hit@None
INFO  2026-08-01 17:37:30,788 [MainThread] mcp.server.lowlevel.server:_handle_request:733 - Processing request of type CallToolRequest
INFO  2026-08-01 17:37:30,789 [MainThread] serena.task_executor:issue_task:217 - Scheduling Task-50:SearchForPatternTool
INFO  2026-08-01 17:37:30,887 [SerenaAgentTaskExecutor] serena.task_executor:_process_task_queue:139 - Starting execution of Task-50:SearchForPatternTool
INFO  2026-08-01 17:37:30,887 [Task-50:SearchForPatternTool] serena.task_executor:start:329 - Task-50:SearchForPatternTool starting ...
INFO  2026-08-01 17:37:30,887 [Task-50:SearchForPatternTool] serena.tools.tools_base:_log_tool_application:279 - search_for_pattern: substring_pattern='where is the DeadCodeAnalyzer class defined', context_lines_before=0, context_lines_after=0, paths_include_glob='', paths_exclude_glob='', relative_path='.', restrict_search_to_code_files=False, multiline=True, max_answer_chars=-1, session_id='14c7c00f4d0'; session_id: 14c7c00f4d0
INFO  2026-08-01 17:37:31,496 [Task-50:SearchForPatternTool] serena.util.text_utils:search_files:319 - Processing 3493 files.
INFO  2026-08-01 17:37:32,442 [Task-50:SearchForPatternTool] serena.util.text_utils:search_files:360 - Found 0 total matches across 3493 files
INFO  2026-08-01 17:37:32,443 [Task-50:SearchForPatternTool] serena.tools.tools_base:task:410 - Result: {}
INFO  2026-08-01 17:37:32,443 [Task-50:SearchForPatternTool] serena.task_executor:stop:336 - Task-50:SearchForPatternTool completed in 1.556 seconds
  serena             E49_dead_code_analyzer_class     ok hit@None
INFO  2026-08-01 17:37:32,446 [MainThread] mcp.server.lowlevel.server:_handle_request:733 - Processing request of type CallToolRequest
INFO  2026-08-01 17:37:32,447 [MainThread] serena.task_executor:issue_task:217 - Scheduling Task-51:SearchForPatternTool
INFO  2026-08-01 17:37:32,545 [SerenaAgentTaskExecutor] serena.task_executor:_process_task_queue:139 - Starting execution of Task-51:SearchForPatternTool
INFO  2026-08-01 17:37:32,545 [Task-51:SearchForPatternTool] serena.task_executor:start:329 - Task-51:SearchForPatternTool starting ...
INFO  2026-08-01 17:37:32,546 [Task-51:SearchForPatternTool] serena.tools.tools_base:_log_tool_application:279 - search_for_pattern: substring_pattern='How does get_dead_code roll up findings by owner and by directory?', context_lines_before=0, context_lines_after=0, paths_include_glob='', paths_exclude_glob='', relative_path='.', restrict_search_to_code_files=False, multiline=True, max_answer_chars=-1, session_id='14c7c00f4d0'; session_id: 14c7c00f4d0
INFO  2026-08-01 17:37:33,138 [Task-51:SearchForPatternTool] serena.util.text_utils:search_files:319 - Processing 3493 files.
INFO  2026-08-01 17:37:34,054 [Task-51:SearchForPatternTool] serena.util.text_utils:search_files:360 - Found 0 total matches across 3493 files
INFO  2026-08-01 17:37:34,055 [Task-51:SearchForPatternTool] serena.tools.tools_base:task:410 - Result: {}
INFO  2026-08-01 17:37:34,056 [Task-51:SearchForPatternTool] serena.task_executor:stop:336 - Task-51:SearchForPatternTool completed in 1.510 seconds
  serena             E50_dead_code_rollup             ok hit@None
INFO  2026-08-01 17:37:34,059 [MainThread] mcp.server.lowlevel.server:_handle_request:733 - Processing request of type CallToolRequest
INFO  2026-08-01 17:37:34,059 [MainThread] serena.task_executor:issue_task:217 - Scheduling Task-52:SearchForPatternTool
INFO  2026-08-01 17:37:34,157 [SerenaAgentTaskExecutor] serena.task_executor:_process_task_queue:139 - Starting execution of Task-52:SearchForPatternTool
INFO  2026-08-01 17:37:34,158 [Task-52:SearchForPatternTool] serena.task_executor:start:329 - Task-52:SearchForPatternTool starting ...
INFO  2026-08-01 17:37:34,158 [Task-52:SearchForPatternTool] serena.tools.tools_base:_log_tool_application:279 - search_for_pattern: substring_pattern='where is build_import_name_maps defined and what does ImportNameMaps hold', context_lines_before=0, context_lines_after=0, paths_include_glob='', paths_exclude_glob='', relative_path='.', restrict_search_to_code_files=False, multiline=True, max_answer_chars=-1, session_id='14c7c00f4d0'; session_id: 14c7c00f4d0
INFO  2026-08-01 17:37:34,755 [Task-52:SearchForPatternTool] serena.util.text_utils:search_files:319 - Processing 3493 files.
INFO  2026-08-01 17:37:35,671 [Task-52:SearchForPatternTool] serena.util.text_utils:search_files:360 - Found 0 total matches across 3493 files
INFO  2026-08-01 17:37:35,673 [Task-52:SearchForPatternTool] serena.tools.tools_base:task:410 - Result: {}
INFO  2026-08-01 17:37:35,673 [Task-52:SearchForPatternTool] serena.task_executor:stop:336 - Task-52:SearchForPatternTool completed in 1.516 seconds
  serena             E51_import_name_maps             ok hit@None
INFO  2026-08-01 17:37:35,676 [MainThread] mcp.server.lowlevel.server:_handle_request:733 - Processing request of type CallToolRequest
INFO  2026-08-01 17:37:35,677 [MainThread] serena.task_executor:issue_task:217 - Scheduling Task-53:SearchForPatternTool
INFO  2026-08-01 17:37:35,775 [SerenaAgentTaskExecutor] serena.task_executor:_process_task_queue:139 - Starting execution of Task-53:SearchForPatternTool
INFO  2026-08-01 17:37:35,776 [Task-53:SearchForPatternTool] serena.task_executor:start:329 - Task-53:SearchForPatternTool starting ...
INFO  2026-08-01 17:37:35,776 [Task-53:SearchForPatternTool] serena.tools.tools_base:_log_tool_application:279 - search_for_pattern: substring_pattern='where is the CouplingGraph class defined', context_lines_before=0, context_lines_after=0, paths_include_glob='', paths_exclude_glob='', relative_path='.', restrict_search_to_code_files=False, multiline=True, max_answer_chars=-1, session_id='14c7c00f4d0'; session_id: 14c7c00f4d0
INFO  2026-08-01 17:37:36,401 [Task-53:SearchForPatternTool] serena.util.text_utils:search_files:319 - Processing 3493 files.
INFO  2026-08-01 17:37:37,411 [Task-53:SearchForPatternTool] serena.util.text_utils:search_files:360 - Found 0 total matches across 3493 files
INFO  2026-08-01 17:37:37,412 [Task-53:SearchForPatternTool] serena.tools.tools_base:task:410 - Result: {}
INFO  2026-08-01 17:37:37,413 [Task-53:SearchForPatternTool] serena.task_executor:stop:336 - Task-53:SearchForPatternTool completed in 1.637 seconds
  serena             E52_coupling_graph_class         ok hit@None
INFO  2026-08-01 17:37:37,416 [MainThread] mcp.server.lowlevel.server:_handle_request:733 - Processing request of type CallToolRequest
INFO  2026-08-01 17:37:37,416 [MainThread] serena.task_executor:issue_task:217 - Scheduling Task-54:SearchForPatternTool
INFO  2026-08-01 17:37:37,514 [SerenaAgentTaskExecutor] serena.task_executor:_process_task_queue:139 - Starting execution of Task-54:SearchForPatternTool
INFO  2026-08-01 17:37:37,515 [Task-54:SearchForPatternTool] serena.task_executor:start:329 - Task-54:SearchForPatternTool starting ...
INFO  2026-08-01 17:37:37,515 [Task-54:SearchForPatternTool] serena.tools.tools_base:_log_tool_application:279 - search_for_pattern: substring_pattern='How does detect_worktree_base figure out the base repo of a linked git worktree?', context_lines_before=0, context_lines_after=0, paths_include_glob='', paths_exclude_glob='', relative_path='.', restrict_search_to_code_files=False, multiline=True, max_answer_chars=-1, session_id='14c7c00f4d0'; session_id: 14c7c00f4d0
INFO  2026-08-01 17:37:38,149 [Task-54:SearchForPatternTool] serena.util.text_utils:search_files:319 - Processing 3493 files.
INFO  2026-08-01 17:37:39,053 [Task-54:SearchForPatternTool] serena.util.text_utils:search_files:360 - Found 0 total matches across 3493 files
INFO  2026-08-01 17:37:39,055 [Task-54:SearchForPatternTool] serena.tools.tools_base:task:410 - Result: {}
INFO  2026-08-01 17:37:39,055 [Task-54:SearchForPatternTool] serena.task_executor:stop:336 - Task-54:SearchForPatternTool completed in 1.540 seconds
  serena             E53_detect_worktree_base         ok hit@None
INFO  2026-08-01 17:37:39,058 [MainThread] mcp.server.lowlevel.server:_handle_request:733 - Processing request of type CallToolRequest
INFO  2026-08-01 17:37:39,058 [MainThread] serena.task_executor:issue_task:217 - Scheduling Task-55:SearchForPatternTool
INFO  2026-08-01 17:37:39,156 [SerenaAgentTaskExecutor] serena.task_executor:_process_task_queue:139 - Starting execution of Task-55:SearchForPatternTool
INFO  2026-08-01 17:37:39,157 [Task-55:SearchForPatternTool] serena.task_executor:start:329 - Task-55:SearchForPatternTool starting ...
INFO  2026-08-01 17:37:39,157 [Task-55:SearchForPatternTool] serena.tools.tools_base:_log_tool_application:279 - search_for_pattern: substring_pattern='where is match_contracts defined and what does it link', context_lines_before=0, context_lines_after=0, paths_include_glob='', paths_exclude_glob='', relative_path='.', restrict_search_to_code_files=False, multiline=True, max_answer_chars=-1, session_id='14c7c00f4d0'; session_id: 14c7c00f4d0
INFO  2026-08-01 17:37:39,765 [Task-55:SearchForPatternTool] serena.util.text_utils:search_files:319 - Processing 3493 files.
INFO  2026-08-01 17:37:40,734 [Task-55:SearchForPatternTool] serena.util.text_utils:search_files:360 - Found 0 total matches across 3493 files
INFO  2026-08-01 17:37:40,736 [Task-55:SearchForPatternTool] serena.tools.tools_base:task:410 - Result: {}
INFO  2026-08-01 17:37:40,736 [Task-55:SearchForPatternTool] serena.task_executor:stop:336 - Task-55:SearchForPatternTool completed in 1.579 seconds
  serena             E54_match_contracts_def          ok hit@None
INFO  2026-08-01 17:37:40,738 [MainThread] mcp.server.lowlevel.server:_handle_request:733 - Processing request of type CallToolRequest
INFO  2026-08-01 17:37:40,739 [MainThread] serena.task_executor:issue_task:217 - Scheduling Task-56:SearchForPatternTool
INFO  2026-08-01 17:37:40,836 [SerenaAgentTaskExecutor] serena.task_executor:_process_task_queue:139 - Starting execution of Task-56:SearchForPatternTool
INFO  2026-08-01 17:37:40,836 [Task-56:SearchForPatternTool] serena.task_executor:start:329 - Task-56:SearchForPatternTool starting ...
INFO  2026-08-01 17:37:40,837 [Task-56:SearchForPatternTool] serena.tools.tools_base:_log_tool_application:279 - search_for_pattern: substring_pattern='How does build_lineage_chain assemble the supersession lineage for a decision?', context_lines_before=0, context_lines_after=0, paths_include_glob='', paths_exclude_glob='', relative_path='.', restrict_search_to_code_files=False, multiline=True, max_answer_chars=-1, session_id='14c7c00f4d0'; session_id: 14c7c00f4d0
INFO  2026-08-01 17:37:41,445 [Task-56:SearchForPatternTool] serena.util.text_utils:search_files:319 - Processing 3493 files.
INFO  2026-08-01 17:37:42,363 [Task-56:SearchForPatternTool] serena.util.text_utils:search_files:360 - Found 0 total matches across 3493 files
INFO  2026-08-01 17:37:42,364 [Task-56:SearchForPatternTool] serena.tools.tools_base:task:410 - Result: {}
INFO  2026-08-01 17:37:42,365 [Task-56:SearchForPatternTool] serena.task_executor:stop:336 - Task-56:SearchForPatternTool completed in 1.528 seconds
  serena             E55_build_lineage_chain          ok hit@None
INFO  2026-08-01 17:37:42,368 [MainThread] mcp.server.lowlevel.server:_handle_request:733 - Processing request of type CallToolRequest
INFO  2026-08-01 17:37:42,368 [MainThread] serena.task_executor:issue_task:217 - Scheduling Task-57:SearchForPatternTool
INFO  2026-08-01 17:37:42,465 [SerenaAgentTaskExecutor] serena.task_executor:_process_task_queue:139 - Starting execution of Task-57:SearchForPatternTool
INFO  2026-08-01 17:37:42,465 [Task-57:SearchForPatternTool] serena.task_executor:start:329 - Task-57:SearchForPatternTool starting ...
INFO  2026-08-01 17:37:42,466 [Task-57:SearchForPatternTool] serena.tools.tools_base:_log_tool_application:279 - search_for_pattern: substring_pattern='where is get_execution_flows implemented', context_lines_before=0, context_lines_after=0, paths_include_glob='', paths_exclude_glob='', relative_path='.', restrict_search_to_code_files=False, multiline=True, max_answer_chars=-1, session_id='14c7c00f4d0'; session_id: 14c7c00f4d0
INFO  2026-08-01 17:37:43,068 [Task-57:SearchForPatternTool] serena.util.text_utils:search_files:319 - Processing 3493 files.
INFO  2026-08-01 17:37:43,959 [Task-57:SearchForPatternTool] serena.util.text_utils:search_files:360 - Found 0 total matches across 3493 files
INFO  2026-08-01 17:37:43,960 [Task-57:SearchForPatternTool] serena.tools.tools_base:task:410 - Result: {}
INFO  2026-08-01 17:37:43,960 [Task-57:SearchForPatternTool] serena.task_executor:stop:336 - Task-57:SearchForPatternTool completed in 1.495 seconds
  serena             E56_get_execution_flows_impl     ok hit@None
INFO  2026-08-01 17:37:43,963 [MainThread] mcp.server.lowlevel.server:_handle_request:733 - Processing request of type CallToolRequest
INFO  2026-08-01 17:37:43,963 [MainThread] serena.task_executor:issue_task:217 - Scheduling Task-58:SearchForPatternTool
INFO  2026-08-01 17:37:44,061 [SerenaAgentTaskExecutor] serena.task_executor:_process_task_queue:139 - Starting execution of Task-58:SearchForPatternTool
INFO  2026-08-01 17:37:44,062 [Task-58:SearchForPatternTool] serena.task_executor:start:329 - Task-58:SearchForPatternTool starting ...
INFO  2026-08-01 17:37:44,062 [Task-58:SearchForPatternTool] serena.tools.tools_base:_log_tool_application:279 - search_for_pattern: substring_pattern='How does select_pages use compute_budget to size the page budget?', context_lines_before=0, context_lines_after=0, paths_include_glob='', paths_exclude_glob='', relative_path='.', restrict_search_to_code_files=False, multiline=True, max_answer_chars=-1, session_id='14c7c00f4d0'; session_id: 14c7c00f4d0
INFO  2026-08-01 17:37:44,652 [Task-58:SearchForPatternTool] serena.util.text_utils:search_files:319 - Processing 3493 files.
INFO  2026-08-01 17:37:45,557 [Task-58:SearchForPatternTool] serena.util.text_utils:search_files:360 - Found 0 total matches across 3493 files
INFO  2026-08-01 17:37:45,558 [Task-58:SearchForPatternTool] serena.tools.tools_base:task:410 - Result: {}
INFO  2026-08-01 17:37:45,558 [Task-58:SearchForPatternTool] serena.task_executor:stop:336 - Task-58:SearchForPatternTool completed in 1.497 seconds
  serena             E57_select_pages_budget          ok hit@None
INFO  2026-08-01 17:37:45,561 [MainThread] mcp.server.lowlevel.server:_handle_request:733 - Processing request of type CallToolRequest
INFO  2026-08-01 17:37:45,561 [MainThread] serena.task_executor:issue_task:217 - Scheduling Task-59:SearchForPatternTool
INFO  2026-08-01 17:37:45,659 [SerenaAgentTaskExecutor] serena.task_executor:_process_task_queue:139 - Starting execution of Task-59:SearchForPatternTool
INFO  2026-08-01 17:37:45,659 [Task-59:SearchForPatternTool] serena.task_executor:start:329 - Task-59:SearchForPatternTool starting ...
INFO  2026-08-01 17:37:45,659 [Task-59:SearchForPatternTool] serena.tools.tools_base:_log_tool_application:279 - search_for_pattern: substring_pattern='How does workspace HTTP contract extraction feed into match_contracts for producer/consumer linking?', context_lines_before=0, context_lines_after=0, paths_include_glob='', paths_exclude_glob='', relative_path='.', restrict_search_to_code_files=False, multiline=True, max_answer_chars=-1, session_id='14c7c00f4d0'; session_id: 14c7c00f4d0
INFO  2026-08-01 17:37:46,251 [Task-59:SearchForPatternTool] serena.util.text_utils:search_files:319 - Processing 3493 files.
INFO  2026-08-01 17:37:47,145 [Task-59:SearchForPatternTool] serena.util.text_utils:search_files:360 - Found 0 total matches across 3493 files
INFO  2026-08-01 17:37:47,147 [Task-59:SearchForPatternTool] serena.tools.tools_base:task:410 - Result: {}
INFO  2026-08-01 17:37:47,147 [Task-59:SearchForPatternTool] serena.task_executor:stop:336 - Task-59:SearchForPatternTool completed in 1.488 seconds
  serena             E58_http_contract_to_match       ok hit@None
INFO  2026-08-01 17:37:47,150 [MainThread] mcp.server.lowlevel.server:_handle_request:733 - Processing request of type CallToolRequest
INFO  2026-08-01 17:37:47,151 [MainThread] serena.task_executor:issue_task:217 - Scheduling Task-60:SearchForPatternTool
INFO  2026-08-01 17:37:47,248 [SerenaAgentTaskExecutor] serena.task_executor:_process_task_queue:139 - Starting execution of Task-60:SearchForPatternTool
INFO  2026-08-01 17:37:47,248 [Task-60:SearchForPatternTool] serena.task_executor:start:329 - Task-60:SearchForPatternTool starting ...
INFO  2026-08-01 17:37:47,248 [Task-60:SearchForPatternTool] serena.tools.tools_base:_log_tool_application:279 - search_for_pattern: substring_pattern='How are uncaught exceptions from MCP tool handlers shielded before they escape to FastMCP as isError?', context_lines_before=0, context_lines_after=0, paths_include_glob='', paths_exclude_glob='', relative_path='.', restrict_search_to_code_files=False, multiline=True, max_answer_chars=-1, session_id='14c7c00f4d0'; session_id: 14c7c00f4d0
INFO  2026-08-01 17:37:47,849 [Task-60:SearchForPatternTool] serena.util.text_utils:search_files:319 - Processing 3493 files.
INFO  2026-08-01 17:37:48,759 [Task-60:SearchForPatternTool] serena.util.text_utils:search_files:360 - Found 0 total matches across 3493 files
INFO  2026-08-01 17:37:48,760 [Task-60:SearchForPatternTool] serena.tools.tools_base:task:410 - Result: {}
INFO  2026-08-01 17:37:48,760 [Task-60:SearchForPatternTool] serena.task_executor:stop:336 - Task-60:SearchForPatternTool completed in 1.512 seconds
  serena             E59_failure_shield               ok hit@None
INFO  2026-08-01 17:37:48,764 [MainThread] mcp.server.lowlevel.server:_handle_request:733 - Processing request of type CallToolRequest
INFO  2026-08-01 17:37:48,764 [MainThread] serena.task_executor:issue_task:217 - Scheduling Task-61:SearchForPatternTool
INFO  2026-08-01 17:37:48,862 [SerenaAgentTaskExecutor] serena.task_executor:_process_task_queue:139 - Starting execution of Task-61:SearchForPatternTool
INFO  2026-08-01 17:37:48,863 [Task-61:SearchForPatternTool] serena.task_executor:start:329 - Task-61:SearchForPatternTool starting ...
INFO  2026-08-01 17:37:48,863 [Task-61:SearchForPatternTool] serena.tools.tools_base:_log_tool_application:279 - search_for_pattern: substring_pattern="How does the health engine's _ImportEdgeView adapt the graph produced by the ingestion GraphBuilder?", context_lines_before=0, context_lines_after=0, paths_include_glob='', paths_exclude_glob='', relative_path='.', restrict_search_to_code_files=False, multiline=True, max_answer_chars=-1, session_id='14c7c00f4d0'; session_id: 14c7c00f4d0
INFO  2026-08-01 17:37:49,456 [Task-61:SearchForPatternTool] serena.util.text_utils:search_files:319 - Processing 3493 files.
INFO  2026-08-01 17:37:50,345 [Task-61:SearchForPatternTool] serena.util.text_utils:search_files:360 - Found 0 total matches across 3493 files
INFO  2026-08-01 17:37:50,347 [Task-61:SearchForPatternTool] serena.tools.tools_base:task:410 - Result: {}
INFO  2026-08-01 17:37:50,347 [Task-61:SearchForPatternTool] serena.task_executor:stop:336 - Task-61:SearchForPatternTool completed in 1.484 seconds
  serena             E60_health_import_edge_adapts_builder ok hit@None
INFO  2026-08-01 17:37:50,350 [MainThread] mcp.server.lowlevel.server:_handle_request:733 - Processing request of type CallToolRequest
INFO  2026-08-01 17:37:50,350 [MainThread] serena.task_executor:issue_task:217 - Scheduling Task-62:SearchForPatternTool
INFO  2026-08-01 17:37:50,448 [SerenaAgentTaskExecutor] serena.task_executor:_process_task_queue:139 - Starting execution of Task-62:SearchForPatternTool
INFO  2026-08-01 17:37:50,449 [Task-62:SearchForPatternTool] serena.task_executor:start:329 - Task-62:SearchForPatternTool starting ...
INFO  2026-08-01 17:37:50,449 [Task-62:SearchForPatternTool] serena.tools.tools_base:_log_tool_application:279 - search_for_pattern: substring_pattern='How does repowise decide whether to seed an unindexed linked worktree instead of running a full init?', context_lines_before=0, context_lines_after=0, paths_include_glob='', paths_exclude_glob='', relative_path='.', restrict_search_to_code_files=False, multiline=True, max_answer_chars=-1, session_id='14c7c00f4d0'; session_id: 14c7c00f4d0
INFO  2026-08-01 17:37:51,031 [Task-62:SearchForPatternTool] serena.util.text_utils:search_files:319 - Processing 3493 files.
INFO  2026-08-01 17:37:51,937 [Task-62:SearchForPatternTool] serena.util.text_utils:search_files:360 - Found 0 total matches across 3493 files
INFO  2026-08-01 17:37:51,939 [Task-62:SearchForPatternTool] serena.tools.tools_base:task:410 - Result: {}
INFO  2026-08-01 17:37:51,939 [Task-62:SearchForPatternTool] serena.task_executor:stop:336 - Task-62:SearchForPatternTool completed in 1.490 seconds
  serena             E61_seed_worktree_index          ok hit@None
INFO  2026-08-01 17:37:51,942 [MainThread] mcp.server.lowlevel.server:_handle_request:733 - Processing request of type CallToolRequest
INFO  2026-08-01 17:37:51,943 [MainThread] serena.task_executor:issue_task:217 - Scheduling Task-63:SearchForPatternTool
INFO  2026-08-01 17:37:52,041 [SerenaAgentTaskExecutor] serena.task_executor:_process_task_queue:139 - Starting execution of Task-63:SearchForPatternTool
INFO  2026-08-01 17:37:52,041 [Task-63:SearchForPatternTool] serena.task_executor:start:329 - Task-63:SearchForPatternTool starting ...
INFO  2026-08-01 17:37:52,041 [Task-63:SearchForPatternTool] serena.tools.tools_base:_log_tool_application:279 - search_for_pattern: substring_pattern="How does the demand miner attribute a get_answer call's citations back to specific files?", context_lines_before=0, context_lines_after=0, paths_include_glob='', paths_exclude_glob='', relative_path='.', restrict_search_to_code_files=False, multiline=True, max_answer_chars=-1, session_id='14c7c00f4d0'; session_id: 14c7c00f4d0
INFO  2026-08-01 17:37:52,613 [Task-63:SearchForPatternTool] serena.util.text_utils:search_files:319 - Processing 3493 files.
INFO  2026-08-01 17:37:53,501 [Task-63:SearchForPatternTool] serena.util.text_utils:search_files:360 - Found 0 total matches across 3493 files
INFO  2026-08-01 17:37:53,503 [Task-63:SearchForPatternTool] serena.tools.tools_base:task:410 - Result: {}
INFO  2026-08-01 17:37:53,503 [Task-63:SearchForPatternTool] serena.task_executor:stop:336 - Task-63:SearchForPatternTool completed in 1.462 seconds
  serena             E62_demand_attributes_citations  ok hit@None
INFO  2026-08-01 17:37:53,506 [MainThread] mcp.server.lowlevel.server:_handle_request:733 - Processing request of type CallToolRequest
INFO  2026-08-01 17:37:53,506 [MainThread] serena.task_executor:issue_task:217 - Scheduling Task-64:SearchForPatternTool
INFO  2026-08-01 17:37:53,605 [SerenaAgentTaskExecutor] serena.task_executor:_process_task_queue:139 - Starting execution of Task-64:SearchForPatternTool
INFO  2026-08-01 17:37:53,605 [Task-64:SearchForPatternTool] serena.task_executor:start:329 - Task-64:SearchForPatternTool starting ...
INFO  2026-08-01 17:37:53,605 [Task-64:SearchForPatternTool] serena.tools.tools_base:_log_tool_application:279 - search_for_pattern: substring_pattern='How does CostTracker price an LLM call for an unrecognized model family?', context_lines_before=0, context_lines_after=0, paths_include_glob='', paths_exclude_glob='', relative_path='.', restrict_search_to_code_files=False, multiline=True, max_answer_chars=-1, session_id='14c7c00f4d0'; session_id: 14c7c00f4d0
INFO  2026-08-01 17:37:54,177 [Task-64:SearchForPatternTool] serena.util.text_utils:search_files:319 - Processing 3493 files.
INFO  2026-08-01 17:37:55,055 [Task-64:SearchForPatternTool] serena.util.text_utils:search_files:360 - Found 0 total matches across 3493 files
INFO  2026-08-01 17:37:55,056 [Task-64:SearchForPatternTool] serena.tools.tools_base:task:410 - Result: {}
INFO  2026-08-01 17:37:55,056 [Task-64:SearchForPatternTool] serena.task_executor:stop:336 - Task-64:SearchForPatternTool completed in 1.451 seconds
  serena             E63_cost_tracker_unknown_model   ok hit@None
INFO  2026-08-01 17:37:55,059 [MainThread] mcp.server.lowlevel.server:_handle_request:733 - Processing request of type CallToolRequest
INFO  2026-08-01 17:37:55,059 [MainThread] serena.task_executor:issue_task:217 - Scheduling Task-65:SearchForPatternTool
INFO  2026-08-01 17:37:55,157 [SerenaAgentTaskExecutor] serena.task_executor:_process_task_queue:139 - Starting execution of Task-65:SearchForPatternTool
INFO  2026-08-01 17:37:55,158 [Task-65:SearchForPatternTool] serena.task_executor:start:329 - Task-65:SearchForPatternTool starting ...
INFO  2026-08-01 17:37:55,158 [Task-65:SearchForPatternTool] serena.tools.tools_base:_log_tool_application:279 - search_for_pattern: substring_pattern="How does fix attribution roll up a file's fix history into a decayed defect mass?", context_lines_before=0, context_lines_after=0, paths_include_glob='', paths_exclude_glob='', relative_path='.', restrict_search_to_code_files=False, multiline=True, max_answer_chars=-1, session_id='14c7c00f4d0'; session_id: 14c7c00f4d0
INFO  2026-08-01 17:37:55,740 [Task-65:SearchForPatternTool] serena.util.text_utils:search_files:319 - Processing 3493 files.
INFO  2026-08-01 17:37:56,628 [Task-65:SearchForPatternTool] serena.util.text_utils:search_files:360 - Found 0 total matches across 3493 files
INFO  2026-08-01 17:37:56,629 [Task-65:SearchForPatternTool] serena.tools.tools_base:task:410 - Result: {}
INFO  2026-08-01 17:37:56,629 [Task-65:SearchForPatternTool] serena.task_executor:stop:336 - Task-65:SearchForPatternTool completed in 1.471 seconds
  serena             E64_fix_attribution_decayed_mass ok hit@None
INFO  2026-08-01 17:37:56,632 [MainThread] mcp.server.lowlevel.server:_handle_request:733 - Processing request of type CallToolRequest
INFO  2026-08-01 17:37:56,632 [MainThread] serena.task_executor:issue_task:217 - Scheduling Task-66:SearchForPatternTool
INFO  2026-08-01 17:37:56,730 [SerenaAgentTaskExecutor] serena.task_executor:_process_task_queue:139 - Starting execution of Task-66:SearchForPatternTool
INFO  2026-08-01 17:37:56,730 [Task-66:SearchForPatternTool] serena.task_executor:start:329 - Task-66:SearchForPatternTool starting ...
INFO  2026-08-01 17:37:56,731 [Task-66:SearchForPatternTool] serena.tools.tools_base:_log_tool_application:279 - search_for_pattern: substring_pattern='How does resolve_wiki_links build backlinks between generated wiki pages?', context_lines_before=0, context_lines_after=0, paths_include_glob='', paths_exclude_glob='', relative_path='.', restrict_search_to_code_files=False, multiline=True, max_answer_chars=-1, session_id='14c7c00f4d0'; session_id: 14c7c00f4d0
INFO  2026-08-01 17:37:57,328 [Task-66:SearchForPatternTool] serena.util.text_utils:search_files:319 - Processing 3493 files.
INFO  2026-08-01 17:37:58,215 [Task-66:SearchForPatternTool] serena.util.text_utils:search_files:360 - Found 0 total matches across 3493 files
INFO  2026-08-01 17:37:58,216 [Task-66:SearchForPatternTool] serena.tools.tools_base:task:410 - Result: {}
INFO  2026-08-01 17:37:58,217 [Task-66:SearchForPatternTool] serena.task_executor:stop:336 - Task-66:SearchForPatternTool completed in 1.486 seconds
  serena             E65_resolve_wiki_links_backlinks ok hit@None
INFO  2026-08-01 17:37:58,220 [MainThread] mcp.server.lowlevel.server:_handle_request:733 - Processing request of type CallToolRequest
INFO  2026-08-01 17:37:58,220 [MainThread] serena.task_executor:issue_task:217 - Scheduling Task-67:SearchForPatternTool
INFO  2026-08-01 17:37:58,318 [SerenaAgentTaskExecutor] serena.task_executor:_process_task_queue:139 - Starting execution of Task-67:SearchForPatternTool
INFO  2026-08-01 17:37:58,319 [Task-67:SearchForPatternTool] serena.task_executor:start:329 - Task-67:SearchForPatternTool starting ...
INFO  2026-08-01 17:37:58,319 [Task-67:SearchForPatternTool] serena.tools.tools_base:_log_tool_application:279 - search_for_pattern: substring_pattern='How does build_tour pick landmark stops and a hotspot stop for the guided tour?', context_lines_before=0, context_lines_after=0, paths_include_glob='', paths_exclude_glob='', relative_path='.', restrict_search_to_code_files=False, multiline=True, max_answer_chars=-1, session_id='14c7c00f4d0'; session_id: 14c7c00f4d0
INFO  2026-08-01 17:37:58,912 [Task-67:SearchForPatternTool] serena.util.text_utils:search_files:319 - Processing 3493 files.
INFO  2026-08-01 17:37:59,791 [Task-67:SearchForPatternTool] serena.util.text_utils:search_files:360 - Found 0 total matches across 3493 files
INFO  2026-08-01 17:37:59,792 [Task-67:SearchForPatternTool] serena.tools.tools_base:task:410 - Result: {}
INFO  2026-08-01 17:37:59,793 [Task-67:SearchForPatternTool] serena.task_executor:stop:336 - Task-67:SearchForPatternTool completed in 1.474 seconds
  serena             E66_build_tour_stops             ok hit@None
INFO  2026-08-01 17:37:59,795 [MainThread] mcp.server.lowlevel.server:_handle_request:733 - Processing request of type CallToolRequest
INFO  2026-08-01 17:37:59,796 [MainThread] serena.task_executor:issue_task:217 - Scheduling Task-68:SearchForPatternTool
INFO  2026-08-01 17:37:59,893 [SerenaAgentTaskExecutor] serena.task_executor:_process_task_queue:139 - Starting execution of Task-68:SearchForPatternTool
INFO  2026-08-01 17:37:59,894 [Task-68:SearchForPatternTool] serena.task_executor:start:329 - Task-68:SearchForPatternTool starting ...
INFO  2026-08-01 17:37:59,894 [Task-68:SearchForPatternTool] serena.tools.tools_base:_log_tool_application:279 - search_for_pattern: substring_pattern='how does the execution-flow scoring computed during ingestion end up served by get_execution_flows', context_lines_before=0, context_lines_after=0, paths_include_glob='', paths_exclude_glob='', relative_path='.', restrict_search_to_code_files=False, multiline=True, max_answer_chars=-1, session_id='14c7c00f4d0'; session_id: 14c7c00f4d0
INFO  2026-08-01 17:38:00,476 [Task-68:SearchForPatternTool] serena.util.text_utils:search_files:319 - Processing 3493 files.
INFO  2026-08-01 17:38:01,377 [Task-68:SearchForPatternTool] serena.util.text_utils:search_files:360 - Found 0 total matches across 3493 files
INFO  2026-08-01 17:38:01,379 [Task-68:SearchForPatternTool] serena.tools.tools_base:task:410 - Result: {}
INFO  2026-08-01 17:38:01,379 [Task-68:SearchForPatternTool] serena.task_executor:stop:336 - Task-68:SearchForPatternTool completed in 1.485 seconds
  serena             E67_flow_scoring_served          ok hit@None
INFO  2026-08-01 17:38:01,383 [MainThread] mcp.server.lowlevel.server:_handle_request:733 - Processing request of type CallToolRequest
INFO  2026-08-01 17:38:01,383 [MainThread] serena.task_executor:issue_task:217 - Scheduling Task-69:SearchForPatternTool
INFO  2026-08-01 17:38:01,481 [SerenaAgentTaskExecutor] serena.task_executor:_process_task_queue:139 - Starting execution of Task-69:SearchForPatternTool
INFO  2026-08-01 17:38:01,481 [Task-69:SearchForPatternTool] serena.task_executor:start:329 - Task-69:SearchForPatternTool starting ...
INFO  2026-08-01 17:38:01,482 [Task-69:SearchForPatternTool] serena.tools.tools_base:_log_tool_application:279 - search_for_pattern: substring_pattern="how does contributor and blame data collected by the git indexer end up folded into a file's health metrics", context_lines_before=0, context_lines_after=0, paths_include_glob='', paths_exclude_glob='', relative_path='.', restrict_search_to_code_files=False, multiline=True, max_answer_chars=-1, session_id='14c7c00f4d0'; session_id: 14c7c00f4d0
INFO  2026-08-01 17:38:02,063 [Task-69:SearchForPatternTool] serena.util.text_utils:search_files:319 - Processing 3493 files.
INFO  2026-08-01 17:38:02,940 [Task-69:SearchForPatternTool] serena.util.text_utils:search_files:360 - Found 0 total matches across 3493 files
INFO  2026-08-01 17:38:02,941 [Task-69:SearchForPatternTool] serena.tools.tools_base:task:410 - Result: {}
INFO  2026-08-01 17:38:02,941 [Task-69:SearchForPatternTool] serena.task_executor:stop:336 - Task-69:SearchForPatternTool completed in 1.460 seconds
  serena             E68_blame_to_health              ok hit@None
INFO  2026-08-01 17:38:02,944 [MainThread] mcp.server.lowlevel.server:_handle_request:733 - Processing request of type CallToolRequest
INFO  2026-08-01 17:38:02,944 [MainThread] serena.task_executor:issue_task:217 - Scheduling Task-70:SearchForPatternTool
INFO  2026-08-01 17:38:03,042 [SerenaAgentTaskExecutor] serena.task_executor:_process_task_queue:139 - Starting execution of Task-70:SearchForPatternTool
INFO  2026-08-01 17:38:03,043 [Task-70:SearchForPatternTool] serena.task_executor:start:329 - Task-70:SearchForPatternTool starting ...
INFO  2026-08-01 17:38:03,043 [Task-70:SearchForPatternTool] serena.tools.tools_base:_log_tool_application:279 - search_for_pattern: substring_pattern='how does the co-change partner data the git indexer computes end up flagging a hidden-coupling health finding', context_lines_before=0, context_lines_after=0, paths_include_glob='', paths_exclude_glob='', relative_path='.', restrict_search_to_code_files=False, multiline=True, max_answer_chars=-1, session_id='14c7c00f4d0'; session_id: 14c7c00f4d0
INFO  2026-08-01 17:38:03,625 [Task-70:SearchForPatternTool] serena.util.text_utils:search_files:319 - Processing 3493 files.
INFO  2026-08-01 17:38:04,512 [Task-70:SearchForPatternTool] serena.util.text_utils:search_files:360 - Found 0 total matches across 3493 files
INFO  2026-08-01 17:38:04,513 [Task-70:SearchForPatternTool] serena.tools.tools_base:task:410 - Result: {}
INFO  2026-08-01 17:38:04,514 [Task-70:SearchForPatternTool] serena.task_executor:stop:336 - Task-70:SearchForPatternTool completed in 1.471 seconds
  serena             E69_cochange_hidden_coupling     ok hit@None
INFO  2026-08-01 17:38:04,517 [MainThread] mcp.server.lowlevel.server:_handle_request:733 - Processing request of type CallToolRequest
INFO  2026-08-01 17:38:04,517 [MainThread] serena.task_executor:issue_task:217 - Scheduling Task-71:SearchForPatternTool
INFO  2026-08-01 17:38:04,615 [SerenaAgentTaskExecutor] serena.task_executor:_process_task_queue:139 - Starting execution of Task-71:SearchForPatternTool
INFO  2026-08-01 17:38:04,615 [Task-71:SearchForPatternTool] serena.task_executor:start:329 - Task-71:SearchForPatternTool starting ...
INFO  2026-08-01 17:38:04,616 [Task-71:SearchForPatternTool] serena.tools.tools_base:_log_tool_application:279 - search_for_pattern: substring_pattern='how does the co-change data the git indexer records end up scoring a duplicated-code DRY violation finding', context_lines_before=0, context_lines_after=0, paths_include_glob='', paths_exclude_glob='', relative_path='.', restrict_search_to_code_files=False, multiline=True, max_answer_chars=-1, session_id='14c7c00f4d0'; session_id: 14c7c00f4d0
INFO  2026-08-01 17:38:05,193 [Task-71:SearchForPatternTool] serena.util.text_utils:search_files:319 - Processing 3493 files.
INFO  2026-08-01 17:38:06,074 [Task-71:SearchForPatternTool] serena.util.text_utils:search_files:360 - Found 0 total matches across 3493 files
INFO  2026-08-01 17:38:06,075 [Task-71:SearchForPatternTool] serena.tools.tools_base:task:410 - Result: {}
INFO  2026-08-01 17:38:06,076 [Task-71:SearchForPatternTool] serena.task_executor:stop:336 - Task-71:SearchForPatternTool completed in 1.460 seconds
  serena             E70_cochange_dry_violation       ok hit@None
INFO  2026-08-01 17:38:06,078 [MainThread] mcp.server.lowlevel.server:_handle_request:733 - Processing request of type CallToolRequest
INFO  2026-08-01 17:38:06,079 [MainThread] serena.task_executor:issue_task:217 - Scheduling Task-72:SearchForPatternTool
INFO  2026-08-01 17:38:06,176 [SerenaAgentTaskExecutor] serena.task_executor:_process_task_queue:139 - Starting execution of Task-72:SearchForPatternTool
INFO  2026-08-01 17:38:06,177 [Task-72:SearchForPatternTool] serena.task_executor:start:329 - Task-72:SearchForPatternTool starting ...
INFO  2026-08-01 17:38:06,177 [Task-72:SearchForPatternTool] serena.tools.tools_base:_log_tool_application:279 - search_for_pattern: substring_pattern='how does a dead-code finding computed by the dead-code analyzer end up returned by get_dead_code', context_lines_before=0, context_lines_after=0, paths_include_glob='', paths_exclude_glob='', relative_path='.', restrict_search_to_code_files=False, multiline=True, max_answer_chars=-1, session_id='14c7c00f4d0'; session_id: 14c7c00f4d0
INFO  2026-08-01 17:38:06,783 [Task-72:SearchForPatternTool] serena.util.text_utils:search_files:319 - Processing 3493 files.
INFO  2026-08-01 17:38:07,681 [Task-72:SearchForPatternTool] serena.util.text_utils:search_files:360 - Found 0 total matches across 3493 files
INFO  2026-08-01 17:38:07,682 [Task-72:SearchForPatternTool] serena.tools.tools_base:task:410 - Result: {}
INFO  2026-08-01 17:38:07,682 [Task-72:SearchForPatternTool] serena.task_executor:stop:336 - Task-72:SearchForPatternTool completed in 1.505 seconds
  serena             E71_dead_code_served             ok hit@None
INFO  2026-08-01 17:38:07,685 [MainThread] mcp.server.lowlevel.server:_handle_request:733 - Processing request of type CallToolRequest
INFO  2026-08-01 17:38:07,685 [MainThread] serena.task_executor:issue_task:217 - Scheduling Task-73:SearchForPatternTool
INFO  2026-08-01 17:38:07,784 [SerenaAgentTaskExecutor] serena.task_executor:_process_task_queue:139 - Starting execution of Task-73:SearchForPatternTool
INFO  2026-08-01 17:38:07,784 [Task-73:SearchForPatternTool] serena.task_executor:start:329 - Task-73:SearchForPatternTool starting ...
INFO  2026-08-01 17:38:07,784 [Task-73:SearchForPatternTool] serena.tools.tools_base:_log_tool_application:279 - search_for_pattern: substring_pattern='how does the agent-authored-commit percentage the git indexer computes end up in the ownership data served for a file', context_lines_before=0, context_lines_after=0, paths_include_glob='', paths_exclude_glob='', relative_path='.', restrict_search_to_code_files=False, multiline=True, max_answer_chars=-1, session_id='14c7c00f4d0'; session_id: 14c7c00f4d0
INFO  2026-08-01 17:38:08,396 [Task-73:SearchForPatternTool] serena.util.text_utils:search_files:319 - Processing 3493 files.
INFO  2026-08-01 17:38:09,296 [Task-73:SearchForPatternTool] serena.util.text_utils:search_files:360 - Found 0 total matches across 3493 files
INFO  2026-08-01 17:38:09,297 [Task-73:SearchForPatternTool] serena.tools.tools_base:task:410 - Result: {}
INFO  2026-08-01 17:38:09,297 [Task-73:SearchForPatternTool] serena.task_executor:stop:336 - Task-73:SearchForPatternTool completed in 1.513 seconds
  serena             E72_agent_pct_ownership          ok hit@None
INFO  2026-08-01 17:38:09,300 [MainThread] mcp.server.lowlevel.server:_handle_request:733 - Processing request of type CallToolRequest
INFO  2026-08-01 17:38:09,301 [MainThread] serena.task_executor:issue_task:217 - Scheduling Task-74:SearchForPatternTool
INFO  2026-08-01 17:38:09,398 [SerenaAgentTaskExecutor] serena.task_executor:_process_task_queue:139 - Starting execution of Task-74:SearchForPatternTool
INFO  2026-08-01 17:38:09,399 [Task-74:SearchForPatternTool] serena.task_executor:start:329 - Task-74:SearchForPatternTool starting ...
INFO  2026-08-01 17:38:09,399 [Task-74:SearchForPatternTool] serena.tools.tools_base:_log_tool_application:279 - search_for_pattern: substring_pattern='how do persisted fix events end up flagging a file as a bug magnet in get_risk', context_lines_before=0, context_lines_after=0, paths_include_glob='', paths_exclude_glob='', relative_path='.', restrict_search_to_code_files=False, multiline=True, max_answer_chars=-1, session_id='14c7c00f4d0'; session_id: 14c7c00f4d0
INFO  2026-08-01 17:38:09,991 [Task-74:SearchForPatternTool] serena.util.text_utils:search_files:319 - Processing 3493 files.
INFO  2026-08-01 17:38:10,898 [Task-74:SearchForPatternTool] serena.util.text_utils:search_files:360 - Found 0 total matches across 3493 files
INFO  2026-08-01 17:38:10,900 [Task-74:SearchForPatternTool] serena.tools.tools_base:task:410 - Result: {}
INFO  2026-08-01 17:38:10,900 [Task-74:SearchForPatternTool] serena.task_executor:stop:336 - Task-74:SearchForPatternTool completed in 1.501 seconds
  serena             E73_fix_events_bug_magnet        ok hit@None
INFO  2026-08-01 17:38:10,903 [MainThread] mcp.server.lowlevel.server:_handle_request:733 - Processing request of type CallToolRequest
INFO  2026-08-01 17:38:10,904 [MainThread] serena.task_executor:issue_task:217 - Scheduling Task-75:SearchForPatternTool
INFO  2026-08-01 17:38:11,002 [SerenaAgentTaskExecutor] serena.task_executor:_process_task_queue:139 - Starting execution of Task-75:SearchForPatternTool
INFO  2026-08-01 17:38:11,003 [Task-75:SearchForPatternTool] serena.task_executor:start:329 - Task-75:SearchForPatternTool starting ...
INFO  2026-08-01 17:38:11,003 [Task-75:SearchForPatternTool] serena.tools.tools_base:_log_tool_application:279 - search_for_pattern: substring_pattern='how does a decision mined from a commit message by the decision extractor end up answerable through get_why', context_lines_before=0, context_lines_after=0, paths_include_glob='', paths_exclude_glob='', relative_path='.', restrict_search_to_code_files=False, multiline=True, max_answer_chars=-1, session_id='14c7c00f4d0'; session_id: 14c7c00f4d0
INFO  2026-08-01 17:38:11,595 [Task-75:SearchForPatternTool] serena.util.text_utils:search_files:319 - Processing 3493 files.
INFO  2026-08-01 17:38:12,498 [Task-75:SearchForPatternTool] serena.util.text_utils:search_files:360 - Found 0 total matches across 3493 files
INFO  2026-08-01 17:38:12,499 [Task-75:SearchForPatternTool] serena.tools.tools_base:task:410 - Result: {}
INFO  2026-08-01 17:38:12,499 [Task-75:SearchForPatternTool] serena.task_executor:stop:336 - Task-75:SearchForPatternTool completed in 1.496 seconds
  serena             E74_decision_to_why              ok hit@None
INFO  2026-08-01 17:38:12,502 [MainThread] mcp.server.lowlevel.server:_handle_request:733 - Processing request of type CallToolRequest
INFO  2026-08-01 17:38:12,502 [MainThread] serena.task_executor:issue_task:217 - Scheduling Task-76:SearchForPatternTool
INFO  2026-08-01 17:38:12,601 [SerenaAgentTaskExecutor] serena.task_executor:_process_task_queue:139 - Starting execution of Task-76:SearchForPatternTool
INFO  2026-08-01 17:38:12,601 [Task-76:SearchForPatternTool] serena.task_executor:start:329 - Task-76:SearchForPatternTool starting ...
INFO  2026-08-01 17:38:12,602 [Task-76:SearchForPatternTool] serena.tools.tools_base:_log_tool_application:279 - search_for_pattern: substring_pattern='how does supersession detection run after persisting decisions end up affecting the answer get_why gives for an older decision', context_lines_before=0, context_lines_after=0, paths_include_glob='', paths_exclude_glob='', relative_path='.', restrict_search_to_code_files=False, multiline=True, max_answer_chars=-1, session_id='14c7c00f4d0'; session_id: 14c7c00f4d0
INFO  2026-08-01 17:38:13,195 [Task-76:SearchForPatternTool] serena.util.text_utils:search_files:319 - Processing 3493 files.
INFO  2026-08-01 17:38:14,070 [Task-76:SearchForPatternTool] serena.util.text_utils:search_files:360 - Found 0 total matches across 3493 files
INFO  2026-08-01 17:38:14,071 [Task-76:SearchForPatternTool] serena.tools.tools_base:task:410 - Result: {}
INFO  2026-08-01 17:38:14,071 [Task-76:SearchForPatternTool] serena.task_executor:stop:336 - Task-76:SearchForPatternTool completed in 1.470 seconds
  serena             E75_supersession_why             ok hit@None
INFO  2026-08-01 17:38:14,074 [MainThread] mcp.server.lowlevel.server:_handle_request:733 - Processing request of type CallToolRequest
INFO  2026-08-01 17:38:14,075 [MainThread] serena.task_executor:issue_task:217 - Scheduling Task-77:SearchForPatternTool
INFO  2026-08-01 17:38:14,172 [SerenaAgentTaskExecutor] serena.task_executor:_process_task_queue:139 - Starting execution of Task-77:SearchForPatternTool
INFO  2026-08-01 17:38:14,173 [Task-77:SearchForPatternTool] serena.task_executor:start:329 - Task-77:SearchForPatternTool starting ...
INFO  2026-08-01 17:38:14,173 [Task-77:SearchForPatternTool] serena.tools.tools_base:_log_tool_application:279 - search_for_pattern: substring_pattern='how does a security finding produced by the security scanner end up served on the security findings endpoint', context_lines_before=0, context_lines_after=0, paths_include_glob='', paths_exclude_glob='', relative_path='.', restrict_search_to_code_files=False, multiline=True, max_answer_chars=-1, session_id='14c7c00f4d0'; session_id: 14c7c00f4d0
INFO  2026-08-01 17:38:14,764 [Task-77:SearchForPatternTool] serena.util.text_utils:search_files:319 - Processing 3493 files.
INFO  2026-08-01 17:38:15,665 [Task-77:SearchForPatternTool] serena.util.text_utils:search_files:360 - Found 0 total matches across 3493 files
INFO  2026-08-01 17:38:15,667 [Task-77:SearchForPatternTool] serena.tools.tools_base:task:410 - Result: {}
INFO  2026-08-01 17:38:15,667 [Task-77:SearchForPatternTool] serena.task_executor:stop:336 - Task-77:SearchForPatternTool completed in 1.494 seconds
  serena             E76_security_finding_served      ok hit@None
INFO  2026-08-01 17:38:15,670 [MainThread] mcp.server.lowlevel.server:_handle_request:733 - Processing request of type CallToolRequest
INFO  2026-08-01 17:38:15,670 [MainThread] serena.task_executor:issue_task:217 - Scheduling Task-78:SearchForPatternTool
INFO  2026-08-01 17:38:15,768 [SerenaAgentTaskExecutor] serena.task_executor:_process_task_queue:139 - Starting execution of Task-78:SearchForPatternTool
INFO  2026-08-01 17:38:15,769 [Task-78:SearchForPatternTool] serena.task_executor:start:329 - Task-78:SearchForPatternTool starting ...
INFO  2026-08-01 17:38:15,769 [Task-78:SearchForPatternTool] serena.tools.tools_base:_log_tool_application:279 - search_for_pattern: substring_pattern='how does the community partition used to plan a file split end up as a refactoring suggestion served by get_refactoring', context_lines_before=0, context_lines_after=0, paths_include_glob='', paths_exclude_glob='', relative_path='.', restrict_search_to_code_files=False, multiline=True, max_answer_chars=-1, session_id='14c7c00f4d0'; session_id: 14c7c00f4d0
INFO  2026-08-01 17:38:16,379 [Task-78:SearchForPatternTool] serena.util.text_utils:search_files:319 - Processing 3493 files.
INFO  2026-08-01 17:38:17,289 [Task-78:SearchForPatternTool] serena.util.text_utils:search_files:360 - Found 0 total matches across 3493 files
INFO  2026-08-01 17:38:17,291 [Task-78:SearchForPatternTool] serena.tools.tools_base:task:410 - Result: {}
INFO  2026-08-01 17:38:17,291 [Task-78:SearchForPatternTool] serena.task_executor:stop:336 - Task-78:SearchForPatternTool completed in 1.522 seconds
  serena             E77_community_to_refactoring     ok hit@None
INFO  2026-08-01 17:38:17,293 [MainThread] mcp.server.lowlevel.server:_handle_request:733 - Processing request of type CallToolRequest
INFO  2026-08-01 17:38:17,294 [MainThread] serena.task_executor:issue_task:217 - Scheduling Task-79:SearchForPatternTool
INFO  2026-08-01 17:38:17,392 [SerenaAgentTaskExecutor] serena.task_executor:_process_task_queue:139 - Starting execution of Task-79:SearchForPatternTool
INFO  2026-08-01 17:38:17,393 [Task-79:SearchForPatternTool] serena.task_executor:start:329 - Task-79:SearchForPatternTool starting ...
INFO  2026-08-01 17:38:17,393 [Task-79:SearchForPatternTool] serena.tools.tools_base:_log_tool_application:279 - search_for_pattern: substring_pattern='how does an omission ref created when a tool truncates its output end up resolvable by the CLI expand command', context_lines_before=0, context_lines_after=0, paths_include_glob='', paths_exclude_glob='', relative_path='.', restrict_search_to_code_files=False, multiline=True, max_answer_chars=-1, session_id='14c7c00f4d0'; session_id: 14c7c00f4d0
INFO  2026-08-01 17:38:17,998 [Task-79:SearchForPatternTool] serena.util.text_utils:search_files:319 - Processing 3493 files.
INFO  2026-08-01 17:38:18,889 [Task-79:SearchForPatternTool] serena.util.text_utils:search_files:360 - Found 0 total matches across 3493 files
INFO  2026-08-01 17:38:18,890 [Task-79:SearchForPatternTool] serena.tools.tools_base:task:410 - Result: {}
INFO  2026-08-01 17:38:18,890 [Task-79:SearchForPatternTool] serena.task_executor:stop:336 - Task-79:SearchForPatternTool completed in 1.497 seconds
  serena             E78_omission_ref_expand          ok hit@None
INFO  2026-08-01 17:38:18,893 [MainThread] mcp.server.lowlevel.server:_handle_request:733 - Processing request of type CallToolRequest
INFO  2026-08-01 17:38:18,893 [MainThread] serena.task_executor:issue_task:217 - Scheduling Task-80:SearchForPatternTool
INFO  2026-08-01 17:38:18,991 [SerenaAgentTaskExecutor] serena.task_executor:_process_task_queue:139 - Starting execution of Task-80:SearchForPatternTool
INFO  2026-08-01 17:38:18,992 [Task-80:SearchForPatternTool] serena.task_executor:start:329 - Task-80:SearchForPatternTool starting ...
INFO  2026-08-01 17:38:18,992 [Task-80:SearchForPatternTool] serena.tools.tools_base:_log_tool_application:279 - search_for_pattern: substring_pattern='how does the identity resolver that canonicalizes author emails end up shaping reviewer suggestions on a PR', context_lines_before=0, context_lines_after=0, paths_include_glob='', paths_exclude_glob='', relative_path='.', restrict_search_to_code_files=False, multiline=True, max_answer_chars=-1, session_id='14c7c00f4d0'; session_id: 14c7c00f4d0
INFO  2026-08-01 17:38:19,578 [Task-80:SearchForPatternTool] serena.util.text_utils:search_files:319 - Processing 3493 files.
INFO  2026-08-01 17:38:20,471 [Task-80:SearchForPatternTool] serena.util.text_utils:search_files:360 - Found 0 total matches across 3493 files
INFO  2026-08-01 17:38:20,472 [Task-80:SearchForPatternTool] serena.tools.tools_base:task:410 - Result: {}
INFO  2026-08-01 17:38:20,472 [Task-80:SearchForPatternTool] serena.task_executor:stop:336 - Task-80:SearchForPatternTool completed in 1.480 seconds
  serena             E79_identity_reviewer            ok hit@None
INFO  2026-08-01 17:38:20,475 [MainThread] mcp.server.lowlevel.server:_handle_request:733 - Processing request of type CallToolRequest
INFO  2026-08-01 17:38:20,475 [MainThread] serena.task_executor:issue_task:217 - Scheduling Task-81:SearchForPatternTool
INFO  2026-08-01 17:38:20,573 [SerenaAgentTaskExecutor] serena.task_executor:_process_task_queue:139 - Starting execution of Task-81:SearchForPatternTool
INFO  2026-08-01 17:38:20,573 [Task-81:SearchForPatternTool] serena.task_executor:start:329 - Task-81:SearchForPatternTool starting ...
INFO  2026-08-01 17:38:20,573 [Task-81:SearchForPatternTool] serena.tools.tools_base:_log_tool_application:279 - search_for_pattern: substring_pattern='how does the per-author commit history the git indexer rolls up end up driving reviewer suggestions', context_lines_before=0, context_lines_after=0, paths_include_glob='', paths_exclude_glob='', relative_path='.', restrict_search_to_code_files=False, multiline=True, max_answer_chars=-1, session_id='14c7c00f4d0'; session_id: 14c7c00f4d0
INFO  2026-08-01 17:38:21,156 [Task-81:SearchForPatternTool] serena.util.text_utils:search_files:319 - Processing 3493 files.
INFO  2026-08-01 17:38:22,062 [Task-81:SearchForPatternTool] serena.util.text_utils:search_files:360 - Found 0 total matches across 3493 files
INFO  2026-08-01 17:38:22,063 [Task-81:SearchForPatternTool] serena.tools.tools_base:task:410 - Result: {}
INFO  2026-08-01 17:38:22,063 [Task-81:SearchForPatternTool] serena.task_executor:stop:336 - Task-81:SearchForPatternTool completed in 1.490 seconds
  serena             E80_authors_reviewer_suggestions ok hit@None
INFO  2026-08-01 17:38:22,066 [MainThread] mcp.server.lowlevel.server:_handle_request:733 - Processing request of type CallToolRequest
INFO  2026-08-01 17:38:22,066 [MainThread] serena.task_executor:issue_task:217 - Scheduling Task-82:SearchForPatternTool
INFO  2026-08-01 17:38:22,164 [SerenaAgentTaskExecutor] serena.task_executor:_process_task_queue:139 - Starting execution of Task-82:SearchForPatternTool
INFO  2026-08-01 17:38:22,164 [Task-82:SearchForPatternTool] serena.task_executor:start:329 - Task-82:SearchForPatternTool starting ...
INFO  2026-08-01 17:38:22,165 [Task-82:SearchForPatternTool] serena.tools.tools_base:_log_tool_application:279 - search_for_pattern: substring_pattern="how does a file's prior-defect count computed by the git indexer end up factored into the defect-accuracy stat", context_lines_before=0, context_lines_after=0, paths_include_glob='', paths_exclude_glob='', relative_path='.', restrict_search_to_code_files=False, multiline=True, max_answer_chars=-1, session_id='14c7c00f4d0'; session_id: 14c7c00f4d0
INFO  2026-08-01 17:38:22,763 [Task-82:SearchForPatternTool] serena.util.text_utils:search_files:319 - Processing 3493 files.
INFO  2026-08-01 17:38:23,716 [Task-82:SearchForPatternTool] serena.util.text_utils:search_files:360 - Found 0 total matches across 3493 files
INFO  2026-08-01 17:38:23,717 [Task-82:SearchForPatternTool] serena.tools.tools_base:task:410 - Result: {}
INFO  2026-08-01 17:38:23,717 [Task-82:SearchForPatternTool] serena.task_executor:stop:336 - Task-82:SearchForPatternTool completed in 1.553 seconds
  serena             E81_prior_defect_accuracy        ok hit@None
INFO  2026-08-01 17:38:23,720 [MainThread] mcp.server.lowlevel.server:_handle_request:733 - Processing request of type CallToolRequest
INFO  2026-08-01 17:38:23,721 [MainThread] serena.task_executor:issue_task:217 - Scheduling Task-83:SearchForPatternTool
INFO  2026-08-01 17:38:23,819 [SerenaAgentTaskExecutor] serena.task_executor:_process_task_queue:139 - Starting execution of Task-83:SearchForPatternTool
INFO  2026-08-01 17:38:23,819 [Task-83:SearchForPatternTool] serena.task_executor:start:329 - Task-83:SearchForPatternTool starting ...
INFO  2026-08-01 17:38:23,819 [Task-83:SearchForPatternTool] serena.tools.tools_base:_log_tool_application:279 - search_for_pattern: substring_pattern='how does per-function commit-blame history end up surfaced as a function-hotspot finding in get_health', context_lines_before=0, context_lines_after=0, paths_include_glob='', paths_exclude_glob='', relative_path='.', restrict_search_to_code_files=False, multiline=True, max_answer_chars=-1, session_id='14c7c00f4d0'; session_id: 14c7c00f4d0
INFO  2026-08-01 17:38:24,454 [Task-83:SearchForPatternTool] serena.util.text_utils:search_files:319 - Processing 3493 files.
INFO  2026-08-01 17:38:25,329 [Task-83:SearchForPatternTool] serena.util.text_utils:search_files:360 - Found 0 total matches across 3493 files
INFO  2026-08-01 17:38:25,331 [Task-83:SearchForPatternTool] serena.tools.tools_base:task:410 - Result: {}
INFO  2026-08-01 17:38:25,331 [Task-83:SearchForPatternTool] serena.task_executor:stop:336 - Task-83:SearchForPatternTool completed in 1.512 seconds
  serena             E82_function_blame_hotspot       ok hit@None
INFO  2026-08-01 17:38:25,334 [MainThread] mcp.server.lowlevel.server:_handle_request:733 - Processing request of type CallToolRequest
INFO  2026-08-01 17:38:25,334 [MainThread] serena.task_executor:issue_task:217 - Scheduling Task-84:SearchForPatternTool
INFO  2026-08-01 17:38:25,432 [SerenaAgentTaskExecutor] serena.task_executor:_process_task_queue:139 - Starting execution of Task-84:SearchForPatternTool
INFO  2026-08-01 17:38:25,433 [Task-84:SearchForPatternTool] serena.task_executor:start:329 - Task-84:SearchForPatternTool starting ...
INFO  2026-08-01 17:38:25,433 [Task-84:SearchForPatternTool] serena.tools.tools_base:_log_tool_application:279 - search_for_pattern: substring_pattern='how does the dataflow CFG and reaching-definitions layer end up promoting an advisory perf finding to asserted in get_health', context_lines_before=0, context_lines_after=0, paths_include_glob='', paths_exclude_glob='', relative_path='.', restrict_search_to_code_files=False, multiline=True, max_answer_chars=-1, session_id='14c7c00f4d0'; session_id: 14c7c00f4d0
INFO  2026-08-01 17:38:26,069 [Task-84:SearchForPatternTool] serena.util.text_utils:search_files:319 - Processing 3493 files.
INFO  2026-08-01 17:38:26,970 [Task-84:SearchForPatternTool] serena.util.text_utils:search_files:360 - Found 0 total matches across 3493 files
INFO  2026-08-01 17:38:26,971 [Task-84:SearchForPatternTool] serena.tools.tools_base:task:410 - Result: {}
INFO  2026-08-01 17:38:26,971 [Task-84:SearchForPatternTool] serena.task_executor:stop:336 - Task-84:SearchForPatternTool completed in 1.539 seconds
  serena             E83_dataflow_perf_promotion      ok hit@None
INFO  2026-08-01 17:38:26,974 [MainThread] mcp.server.lowlevel.server:_handle_request:733 - Processing request of type CallToolRequest
INFO  2026-08-01 17:38:26,975 [MainThread] serena.task_executor:issue_task:217 - Scheduling Task-85:SearchForPatternTool
INFO  2026-08-01 17:38:27,073 [SerenaAgentTaskExecutor] serena.task_executor:_process_task_queue:139 - Starting execution of Task-85:SearchForPatternTool
INFO  2026-08-01 17:38:27,073 [Task-85:SearchForPatternTool] serena.task_executor:start:329 - Task-85:SearchForPatternTool starting ...
INFO  2026-08-01 17:38:27,074 [Task-85:SearchForPatternTool] serena.tools.tools_base:_log_tool_application:279 - search_for_pattern: substring_pattern='how does the workspace contract graph end up feeding the cross-repo blast-radius directive in get_risk', context_lines_before=0, context_lines_after=0, paths_include_glob='', paths_exclude_glob='', relative_path='.', restrict_search_to_code_files=False, multiline=True, max_answer_chars=-1, session_id='14c7c00f4d0'; session_id: 14c7c00f4d0
INFO  2026-08-01 17:38:27,706 [Task-85:SearchForPatternTool] serena.util.text_utils:search_files:319 - Processing 3493 files.
INFO  2026-08-01 17:38:28,583 [Task-85:SearchForPatternTool] serena.util.text_utils:search_files:360 - Found 0 total matches across 3493 files
INFO  2026-08-01 17:38:28,585 [Task-85:SearchForPatternTool] serena.tools.tools_base:task:410 - Result: {}
INFO  2026-08-01 17:38:28,585 [Task-85:SearchForPatternTool] serena.task_executor:stop:336 - Task-85:SearchForPatternTool completed in 1.511 seconds
  serena             E84_contract_cross_repo_blast    ok hit@None
INFO  2026-08-01 17:38:28,588 [MainThread] mcp.server.lowlevel.server:_handle_request:733 - Processing request of type CallToolRequest
INFO  2026-08-01 17:38:28,588 [MainThread] serena.task_executor:issue_task:217 - Scheduling Task-86:SearchForPatternTool
INFO  2026-08-01 17:38:28,686 [SerenaAgentTaskExecutor] serena.task_executor:_process_task_queue:139 - Starting execution of Task-86:SearchForPatternTool
INFO  2026-08-01 17:38:28,687 [Task-86:SearchForPatternTool] serena.task_executor:start:329 - Task-86:SearchForPatternTool starting ...
INFO  2026-08-01 17:38:28,687 [Task-86:SearchForPatternTool] serena.tools.tools_base:_log_tool_application:279 - search_for_pattern: substring_pattern='how does the page-dependency cascade builder end up scoping which pages the CLI generate command regenerates', context_lines_before=0, context_lines_after=0, paths_include_glob='', paths_exclude_glob='', relative_path='.', restrict_search_to_code_files=False, multiline=True, max_answer_chars=-1, session_id='14c7c00f4d0'; session_id: 14c7c00f4d0
INFO  2026-08-01 17:38:29,284 [Task-86:SearchForPatternTool] serena.util.text_utils:search_files:319 - Processing 3493 files.
INFO  2026-08-01 17:38:30,156 [Task-86:SearchForPatternTool] serena.util.text_utils:search_files:360 - Found 0 total matches across 3493 files
INFO  2026-08-01 17:38:30,157 [Task-86:SearchForPatternTool] serena.tools.tools_base:task:410 - Result: {}
INFO  2026-08-01 17:38:30,157 [Task-86:SearchForPatternTool] serena.task_executor:stop:336 - Task-86:SearchForPatternTool completed in 1.470 seconds
  serena             E85_cascade_scopes_generate      ok hit@None
INFO  2026-08-01 17:38:30,160 [MainThread] serena.mcp:server_lifespan:415 - MCP server shutting down
INFO  2026-08-01 17:38:30,160 [MainThread] serena.agent:on_shutdown:1432 - SerenaAgent is shutting down ...
INFO  2026-08-01 17:38:30,160 [MainThread] serena.agent:on_shutdown:1434 - Shutting down active project 'r5-serena' ...
INFO  2026-08-01 17:38:30,160 [MainThread] serena.ls_manager:_stop_language_server:238 - Stopping language server for language python ...
INFO  2026-08-01 17:38:30,160 [MainThread] solidlsp.ls_process:stop:229 - Initiating shutdown with a 2.0s timeout...
INFO  2026-08-01 17:38:30,161 [Thread-2944 (_send_shutdown)] solidlsp.ls_process:_send_shutdown:240 - Sending shutdown request to server
INFO  2026-08-01 17:38:30,162 [Thread-2944 (_send_shutdown)] solidlsp.ls_process:_send_shutdown:242 - Received shutdown response from server
INFO  2026-08-01 17:38:30,162 [Thread-2944 (_send_shutdown)] solidlsp.ls_process:_send_shutdown:243 - Sending exit notification to server
INFO  2026-08-01 17:38:30,162 [Thread-2944 (_send_shutdown)] solidlsp.ls_process:_send_shutdown:245 - Sent exit notification to server
INFO  2026-08-01 17:38:30,175 [LSP-stderr-reader:python] solidlsp.ls_process:_read_ls_process_stderr:648 - Language server stderr reader thread has terminated
INFO  2026-08-01 17:38:30,175 [LSP-stdout-reader:python] solidlsp.ls_process:_read_ls_process_stdout:621 - Language server stdout reader thread has terminated
INFO  2026-08-01 17:38:30,176 [MainThread] solidlsp.util.subprocess_util:terminate_process_tree_with_kill_fallback:265 - LS[python] terminated successfully with exit code 15.

=== summary ===
{
  "repowise": {
    "n": 83,
    "errors": 0,
    "tool_absent": 0,
    "MRR": 0.6434,
    "recall@1": 0.5663,
    "recall@3": 0.7108,
    "recall@5": 0.759,
    "recall@10": 0.7711
  },
  "codegraph": {
    "n": 84,
    "errors": 0,
    "tool_absent": 0,
    "MRR": 0.4299,
    "recall@1": 0.369,
    "recall@3": 0.4524,
    "recall@5": 0.5119,
    "recall@10": 0.5952
  },
  "graphify": {
    "n": 84,
    "errors": 0,
    "tool_absent": 0,
    "MRR": 0.539,
    "recall@1": 0.4167,
    "recall@3": 0.619,
    "recall@5": 0.6905,
    "recall@10": 0.7619
  },
  "code-review-graph": {
    "n": 84,
    "errors": 0,
    "tool_absent": 0,
    "MRR": 0.5933,
    "recall@1": 0.5119,
    "recall@3": 0.6429,
    "recall@5": 0.7143,
    "recall@10": 0.7381
  },
  "serena": {
    "n": 84,
    "errors": 0,
    "tool_absent": 0,
    "MRR": 0.0,
    "recall@1": 0.0,
    "recall@3": 0.0,
    "recall@5": 0.0,
    "recall@10": 0.0
  }
}
