C:\Users\ragha\Desktop\repowise\repowise-bench\results\bakeoff_2026_08\rung5\retrieval_probe_multiarm.py:178: SyntaxWarning: invalid escape sequence '\s'
  `search_for_pattern` returns `{"packages\server\...\file.py": [lines]}`
INFO  2026-08-01 17:39:12,521 [MainThread] serena.cli:start_mcp_server:355 - Initializing Serena MCP server
INFO  2026-08-01 17:39:12,521 [MainThread] serena.cli:start_mcp_server:356 - Storing logs in C:\Users\ragha\.serena\logs\2026-08-01\mcp_20260801-173912_36324.txt
INFO  2026-08-01 17:39:12,522 [MainThread] serena.config.serena_config:from_config_file:1041 - Loading Serena configuration from C:\Users\ragha\.serena\serena_config.yml
INFO  2026-08-01 17:39:12,613 [MainThread] serena.agent:__init__:632 - Will record tool usage statistics with token count estimator: CHAR_COUNT.
INFO  2026-08-01 17:39:12,636 [MainThread] serena.agent:__init__:636 - Starting Serena server (version=1.6.2.dev0, process id=36324, parent process id=33208; language backend=LSP); Python version=3.13.5, platform=Windows-11-10.0.26200-SP0
INFO  2026-08-01 17:39:12,636 [MainThread] serena.agent:__init__:640 - Configuration file: C:\Users\ragha\.serena\serena_config.yml
INFO  2026-08-01 17:39:12,636 [MainThread] serena.agent:__init__:641 - Available projects: django, r5-serena, repowise-self
INFO  2026-08-01 17:39:12,636 [MainThread] serena.agent:__init__:642 - Loaded tools (52): create_text_file, replace_content, replace_in_files, delete_lines, replace_lines, insert_at_line, replace_symbol_body, insert_after_symbol, insert_before_symbol, read_file, list_dir, find_file, search_for_pattern, restart_language_server, get_symbols_overview, find_symbol, find_referencing_symbols, find_implementations, find_declaration, get_diagnostics_for_file, get_diagnostics_for_symbol, rename_symbol, safe_delete_symbol, write_memory, read_memory, list_memories, delete_memory, rename_memory, edit_memory, execute_shell_command, open_dashboard, activate_project, remove_project, get_current_config, onboarding, initial_instructions, serena_info, jet_brains_find_symbol, jet_brains_move, jet_brains_safe_delete, jet_brains_inline_symbol, jet_brains_find_referencing_symbols, jet_brains_get_symbols_overview, jet_brains_type_hierarchy, jet_brains_find_declaration, jet_brains_find_implementations, jet_brains_rename, jet_brains_debug, jet_brains_run_inspections, jet_brains_list_inspections, list_queryable_projects, query_project
INFO  2026-08-01 17:39:12,636 [MainThread] serena.config.serena_config:determine_language_backend:1452 - Using language backend from global configuration: LSP
INFO  2026-08-01 17:39:12,655 [MainThread] serena.config.serena_config:start:329 - Loading project instance for RegisteredProject[project_root=C:\Users\ragha\Desktop\bakeoff\r5-serena, project_config=ProjectConfig[project_name=r5-serena]] starting ...
INFO  2026-08-01 17:39:12,655 [MainThread] serena.project:__init__:45 - Serena project data folder: C:\Users\ragha\Desktop\bakeoff\r5-serena\.serena
INFO  2026-08-01 17:39:12,656 [gather-ignorespec[r5-serena]] serena.project:start:329 - Gathering ignore spec for project r5-serena starting ...
INFO  2026-08-01 17:39:12,656 [MainThread] serena.config.serena_config:stop:336 - Loading project instance for RegisteredProject[project_root=C:\Users\ragha\Desktop\bakeoff\r5-serena, project_config=ProjectConfig[project_name=r5-serena]] completed in 0.001 seconds
INFO  2026-08-01 17:39:12,656 [gather-ignorespec[r5-serena]] serena.util.file_system:start:329 - Loading of .gitignore files starting ...
INFO  2026-08-01 17:39:12,656 [MainThread] serena.agent:activate_project_from_path_or_name:1311 - Found registered project 'r5-serena' at path C:\Users\ragha\Desktop\bakeoff\r5-serena
INFO  2026-08-01 17:39:12,656 [MainThread] serena.agent:_activate_project:1179 - Activating r5-serena at C:\Users\ragha\Desktop\bakeoff\r5-serena
INFO  2026-08-01 17:39:12,656 [gather-ignorespec[r5-serena]] serena.util.file_system:_load_gitignore_files:152 - Processing .gitignore file: C:\Users\ragha\Desktop\bakeoff\r5-serena\.gitignore
INFO  2026-08-01 17:39:12,656 [MainThread] serena.task_executor:issue_task:217 - Scheduling Task-1:init_project_services
INFO  2026-08-01 17:39:12,657 [MainThread] serena.agent:_update_active_modes:1087 - Active modes (2): editing, interactive
INFO  2026-08-01 17:39:12,728 [gather-ignorespec[r5-serena]] serena.util.file_system:_load_gitignore_files:152 - Processing .gitignore file: C:\Users\ragha\Desktop\bakeoff\r5-serena\.serena\.gitignore
INFO  2026-08-01 17:39:12,730 [MainThread] serena.agent:_create_base_toolset:814 - Number of exposed tools: 29
INFO  2026-08-01 17:39:12,731 [MainThread] serena.agent:__init__:682 - Number of exposed tools: 29. Exposed tools: ['activate_project', 'create_text_file', 'delete_memory', 'edit_memory', 'execute_shell_command', 'find_declaration', 'find_file', 'find_implementations', 'find_referencing_symbols', 'find_symbol', 'get_current_config', 'get_diagnostics_for_file', 'get_symbols_overview', 'initial_instructions', 'insert_after_symbol', 'insert_before_symbol', 'list_dir', 'list_memories', 'onboarding', 'read_file', 'read_memory', 'rename_memory', 'rename_symbol', 'replace_content', 'replace_in_files', 'replace_symbol_body', 'safe_delete_symbol', 'search_for_pattern', 'write_memory']
INFO  2026-08-01 17:39:12,732 [MainThread] serena.agent:_update_active_tools:1105 - Active tools (29): activate_project, create_text_file, delete_memory, edit_memory, execute_shell_command, find_declaration, find_file, find_implementations, find_referencing_symbols, find_symbol, get_current_config, get_diagnostics_for_file, get_symbols_overview, initial_instructions, insert_after_symbol, insert_before_symbol, list_dir, list_memories, onboarding, read_file, read_memory, rename_memory, rename_symbol, replace_content, replace_in_files, replace_symbol_body, safe_delete_symbol, search_for_pattern, write_memory
INFO  2026-08-01 17:39:12,737 [SerenaAgentTaskExecutor] serena.task_executor:_process_task_queue:139 - Starting execution of Task-1:init_project_services
INFO  2026-08-01 17:39:12,738 [Task-1:init_project_services] serena.task_executor:start:329 - Task-1:init_project_services starting ...
INFO  2026-08-01 17:39:12,738 [Task-1:init_project_services] serena.agent:start:329 - Language server initialization starting ...
INFO  2026-08-01 17:39:12,738 [Task-1:init_project_services] serena.project:create_language_server_manager:480 - Creating language server manager for C:\Users\ragha\Desktop\bakeoff\r5-serena
INFO  2026-08-01 17:39:12,738 [Task-1:init_project_services] serena.project:_ignored_patterns:202 - Waiting for ignored patterns to become available ...
INFO  2026-08-01 17:39:12,741 [gather-ignorespec[r5-serena]] serena.util.file_system:_load_gitignore_files:152 - Processing .gitignore file: C:\Users\ragha\Desktop\bakeoff\r5-serena\packages\vscode\.gitignore
INFO  2026-08-01 17:39:12,741 [gather-ignorespec[r5-serena]] serena.util.file_system:_load_gitignore_files:152 - Processing .gitignore file: C:\Users\ragha\Desktop\bakeoff\r5-serena\packages\web\.gitignore
INFO  2026-08-01 17:39:12,754 [gather-ignorespec[r5-serena]] serena.util.file_system:_load_gitignore_files:152 - Processing .gitignore file: C:\Users\ragha\Desktop\bakeoff\r5-serena\tests\fixtures\sample_repo\.gitignore
INFO  2026-08-01 17:39:12,868 [gather-ignorespec[r5-serena]] serena.util.file_system:stop:336 - Loading of .gitignore files completed in 0.212 seconds
INFO  2026-08-01 17:39:12,869 [gather-ignorespec[r5-serena]] serena.project:stop:336 - Gathering ignore spec for project r5-serena completed in 0.213 seconds
INFO  2026-08-01 17:39:12,869 [Task-1:init_project_services] serena.project:_ignored_patterns:205 - Ignored patterns are now available for project; proceeding
INFO  2026-08-01 17:39:12,869 [StartLS:python] sensai.util.logging:start:329 - Language server startup (language=python) starting ...
INFO  2026-08-01 17:39:12,870 [StartLS:python] serena.ls_manager:create_language_server:58 - Creating language server instance for C:\Users\ragha\Desktop\bakeoff\r5-serena, language=python.
INFO  2026-08-01 17:39:12,882 [StartLS:python] solidlsp.ls:_load_raw_document_symbols_cache:3003 - Loading document symbols cache from C:\Users\ragha\Desktop\bakeoff\r5-serena\.serena\cache\python\raw_document_symbols.pkl
INFO  2026-08-01 17:39:13,092 [StartLS:python] solidlsp.ls:_load_raw_document_symbols_cache:3008 - Loaded 1847 entries from raw document symbols cache.
INFO  2026-08-01 17:39:13,092 [StartLS:python] solidlsp.ls:_load_document_symbols_cache:3038 - Loading document symbols cache from C:\Users\ragha\Desktop\bakeoff\r5-serena\.serena\cache\python\document_symbols.pkl
INFO  2026-08-01 17:39:13,483 [StartLS:python] solidlsp.ls:_load_document_symbols_cache:3043 - Loaded 1888 entries from document symbols cache.
INFO  2026-08-01 17:39:13,489 [StartLS:python] solidlsp.ls:start:3134 - Starting language server python for C:\Users\ragha\Desktop\bakeoff\r5-serena
INFO  2026-08-01 17:39:13,489 [StartLS:python] solidlsp.language_servers.pyright_server:_start_server:216 - Starting pyright-langserver server process
INFO  2026-08-01 17:39:13,489 [StartLS:python] solidlsp.ls_process:_start:514 - Starting language server process via command: ['C:\\Users\\ragha\\.local\\bin\\uvx.EXE', '-p', '3.13', '--from', 'pyright==1.1.403', 'pyright-langserver', '--stdio']
INFO  2026-08-01 17:39:13,498 [StartLS:python] solidlsp.initialize_params:_apply_updates:61 - Workspace folders: ['C:\\Users\\ragha\\Desktop\\bakeoff\\r5-serena']
INFO  2026-08-01 17:39:13,498 [StartLS:python] solidlsp.language_servers.pyright_server:_start_server:222 - Sending initialize request from LSP client to pyright server and awaiting response
INFO  2026-08-01 17:39:13,518 [MainThread] serena.mcp:create_mcp_server:384 - MCP server initial instructions:
CRITICAL: Before starting to work on a coding task, call the `initial_instructions` tool to read the 'Serena Instructions Manual'.
INFO  2026-08-01 17:39:13,520 [MainThread] serena.cli:start_mcp_server:399 - Starting MCP server …
INFO  2026-08-01 17:39:13,979 [LSP-stdout-reader:python] solidlsp.language_servers.pyright_server:window_log_message:138 - LSP: window/logMessage: Pyright language server 1.1.403 starting
INFO  2026-08-01 17:39:13,995 [MainThread] serena.mcp:_set_mcp_tools:307 - Starting MCP server with 29 tools: ['create_text_file', 'replace_content', 'replace_in_files', 'replace_symbol_body', 'insert_after_symbol', 'insert_before_symbol', 'read_file', 'list_dir', 'find_file', 'search_for_pattern', 'get_symbols_overview', 'find_symbol', 'find_referencing_symbols', 'find_implementations', 'find_declaration', 'get_diagnostics_for_file', 'rename_symbol', 'safe_delete_symbol', 'write_memory', 'read_memory', 'list_memories', 'delete_memory', 'rename_memory', 'edit_memory', 'execute_shell_command', 'activate_project', 'get_current_config', 'onboarding', 'initial_instructions']
INFO  2026-08-01 17:39:13,995 [LSP-stdout-reader:python] solidlsp.language_servers.pyright_server:window_log_message:138 - LSP: window/logMessage: Server root directory: file:///c%3A/Users/ragha/AppData/Local/uv/cache/archive-v0/bbog9BRG2SdcNGvoOY-Mt/Lib/site-packages/pyright/dist/dist
INFO  2026-08-01 17:39:13,995 [MainThread] serena.mcp:server_lifespan:408 - MCP server lifetime setup complete
INFO  2026-08-01 17:39:13,996 [LSP-stdout-reader:python] solidlsp.language_servers.pyright_server:window_log_message:138 - LSP: window/logMessage: Starting service instance "r5-serena"
INFO  2026-08-01 17:39:13,997 [StartLS:python] solidlsp.language_servers.pyright_server:_start_server:224 - Received initialize response from pyright server: {'capabilities': {'textDocumentSync': 2, 'definitionProvider': {'workDoneProgress': True}, 'declarationProvider': {'workDoneProgress': True}, 'typeDefinitionProvider': {'workDoneProgress': True}, 'referencesProvider': {'workDoneProgress': True}, 'documentSymbolProvider': {'workDoneProgress': True}, 'workspaceSymbolProvider': {'workDoneProgress': True}, 'hoverProvider': {'workDoneProgress': True}, 'documentHighlightProvider': {'workDoneProgress': True}, 'renameProvider': {'prepareProvider': True, 'workDoneProgress': True}, 'completionProvider': {'triggerCharacters': ['.', '[', '"', "'"], 'resolveProvider': True, 'workDoneProgress': True, 'completionItem': {'labelDetailsSupport': True}}, 'signatureHelpProvider': {'triggerCharacters': ['(', ',', ')'], 'workDoneProgress': True}, 'codeActionProvider': {'codeActionKinds': ['quickfix', 'source.organizeImports'], 'workDoneProgress': True}, 'executeCommandProvider': {'commands': [], 'workDoneProgress': True}, 'callHierarchyProvider': True, 'workspace': {'workspaceFolders': {'supported': True, 'changeNotifications': True}}}}
INFO  2026-08-01 17:39:13,997 [StartLS:python] solidlsp.language_servers.pyright_server:_start_server:236 - Waiting up to 60.0s for Pyright to complete initial workspace analysis...
INFO  2026-08-01 17:39:14,001 [MainThread] mcp.server.lowlevel.server:_handle_request:733 - Processing request of type ListToolsRequest
INFO  2026-08-01 17:39:14,005 [MainThread] mcp.server.lowlevel.server:_handle_request:733 - Processing request of type CallToolRequest
INFO  2026-08-01 17:39:14,005 [MainThread] serena.task_executor:issue_task:217 - Scheduling Task-2:ActivateProjectTool
INFO  2026-08-01 17:39:14,600 [LSP-stdout-reader:python] solidlsp.language_servers.pyright_server:window_log_message:138 - LSP: window/logMessage: Loading pyproject.toml file at c:\Users\ragha\Desktop\bakeoff\r5-serena\pyproject.toml
INFO  2026-08-01 17:39:14,600 [LSP-stdout-reader:python] solidlsp.language_servers.pyright_server:window_log_message:138 - LSP: window/logMessage: No include entries specified; assuming c:\Users\ragha\Desktop\bakeoff\r5-serena
INFO  2026-08-01 17:39:14,601 [LSP-stdout-reader:python] solidlsp.language_servers.pyright_server:window_log_message:138 - LSP: window/logMessage: Auto-excluding **/node_modules
INFO  2026-08-01 17:39:14,601 [LSP-stdout-reader:python] solidlsp.language_servers.pyright_server:window_log_message:138 - LSP: window/logMessage: Auto-excluding **/__pycache__
INFO  2026-08-01 17:39:14,601 [LSP-stdout-reader:python] solidlsp.language_servers.pyright_server:window_log_message:138 - LSP: window/logMessage: Auto-excluding **/.*
INFO  2026-08-01 17:39:14,601 [LSP-stdout-reader:python] solidlsp.language_servers.pyright_server:window_log_message:138 - LSP: window/logMessage: Assuming Python version 3.13.5.final.0
INFO  2026-08-01 17:39:14,601 [LSP-stdout-reader:python] solidlsp.language_servers.pyright_server:window_log_message:138 - LSP: window/logMessage: Found 1888 source files
INFO  2026-08-01 17:39:14,601 [LSP-stdout-reader:python] solidlsp.language_servers.pyright_server:window_log_message:143 - Pyright workspace scanning complete
INFO  2026-08-01 17:39:14,601 [StartLS:python] solidlsp.language_servers.pyright_server:_start_server:238 - Pyright initial analysis complete, server ready
INFO  2026-08-01 17:39:14,601 [StartLS:python] sensai.util.logging:stop:336 - Language server startup (language=python) completed in 1.732 seconds
INFO  2026-08-01 17:39:14,602 [Task-1:init_project_services] sensai.util.logging:start:329 - Initialising file change notifier (polling for baseline) starting ...
INFO  2026-08-01 17:39:15,159 [Task-1:init_project_services] sensai.util.logging:stop:336 - Initialising file change notifier (polling for baseline) completed in 0.557 seconds
INFO  2026-08-01 17:39:15,159 [Task-1:init_project_services] serena.agent:stop:336 - Language server initialization completed in 2.421 seconds
INFO  2026-08-01 17:39:15,160 [Task-1:init_project_services] serena.task_executor:stop:336 - Task-1:init_project_services completed in 2.422 seconds
INFO  2026-08-01 17:39:15,160 [SerenaAgentTaskExecutor] serena.task_executor:_process_task_queue:139 - Starting execution of Task-2:ActivateProjectTool
INFO  2026-08-01 17:39:15,160 [Task-2:ActivateProjectTool] serena.task_executor:start:329 - Task-2:ActivateProjectTool starting ...
INFO  2026-08-01 17:39:15,160 [Task-2:ActivateProjectTool] serena.tools.tools_base:_log_tool_application:279 - activate_project: project='C:\\Users\\ragha\\Desktop\\bakeoff\\r5-serena', session_id='253c6dc0440'; session_id: 253c6dc0440
INFO  2026-08-01 17:39:15,161 [Task-2:ActivateProjectTool] serena.agent:activate_project_from_path_or_name:1311 - Found registered project 'r5-serena' at path C:\Users\ragha\Desktop\bakeoff\r5-serena
INFO  2026-08-01 17:39:15,161 [Task-2:ActivateProjectTool] serena.tools.tools_base:task:410 - Result: The project with name 'r5-serena' at C:\Users\ragha\Desktop\bakeoff\r5-serena is activated.
Programming languages: python.File encoding: utf-8.Onboarding has not been performed yet, you should call Serena's `onboarding` tool now to set up project memories.
IMPORTANT: If you have not yet read the 'Serena Instructions Manual', do it now before continuing!
INFO  2026-08-01 17:39:15,161 [Task-2:ActivateProjectTool] serena.task_executor:stop:336 - Task-2:ActivateProjectTool completed in 0.001 seconds
INFO  2026-08-01 17:39:15,165 [MainThread] mcp.server.lowlevel.server:_handle_request:733 - Processing request of type CallToolRequest
INFO  2026-08-01 17:39:15,165 [MainThread] serena.task_executor:issue_task:217 - Scheduling Task-3:SearchForPatternTool
INFO  2026-08-01 17:39:15,263 [SerenaAgentTaskExecutor] serena.task_executor:_process_task_queue:139 - Starting execution of Task-3:SearchForPatternTool
INFO  2026-08-01 17:39:15,264 [Task-3:SearchForPatternTool] serena.task_executor:start:329 - Task-3:SearchForPatternTool starting ...
INFO  2026-08-01 17:39:15,264 [Task-3:SearchForPatternTool] serena.tools.tools_base:_log_tool_application:279 - search_for_pattern: substring_pattern='verify_and_heal', context_lines_before=0, context_lines_after=0, paths_include_glob='', paths_exclude_glob='', relative_path='.', restrict_search_to_code_files=False, multiline=True, max_answer_chars=-1, session_id='253c6dc0440'; session_id: 253c6dc0440
INFO  2026-08-01 17:39:15,828 [Task-3:SearchForPatternTool] serena.util.text_utils:search_files:319 - Processing 3493 files.
INFO  2026-08-01 17:39:16,687 [Task-3:SearchForPatternTool] serena.util.text_utils:search_files:360 - Found 6 total matches across 3493 files
INFO  2026-08-01 17:39:16,688 [Task-3:SearchForPatternTool] serena.tools.tools_base:task:410 - Result: {"packages\\server\\src\\repowise\\server\\mcp_server\\tool_answer\\symbols.py": ["  >  15:from repowise.server.mcp_server._verify import verify_and_heal", "  > 314:        check = await verify_and_heal(session_factory, row, text)", "  > 640:            check = await verify_and_heal(session_factory, row, text)"], "packages\\server\\src\\repowise\\server\\mcp_server\\_verify.py": ["  > 190:async def verify_and_heal(session_factory, row: WikiSymbol, source_text: str) -> BoundsCheck:"], "tests\\unit\\server\\mcp\\test_answer_parent_page.py": ["  >  54:        \"verify_and_heal\","], "tests\\unit\\server\\mcp\\test_neighbor_rerank.py": ["  >  98:    assert not is_flow_question(\"verify_and_heal\")"]}
INFO  2026-08-01 17:39:16,688 [Task-3:SearchForPatternTool] serena.task_executor:stop:336 - Task-3:SearchForPatternTool completed in 1.425 seconds
84 questions scored (99 in suite, 14 gold_pages-only excluded, 1 dropped as stale gold: ['E37_compute_budget_def'])

  serena             E01_verify_and_heal_symbol       ok hit@None
INFO  2026-08-01 17:39:16,692 [MainThread] mcp.server.lowlevel.server:_handle_request:733 - Processing request of type CallToolRequest
INFO  2026-08-01 17:39:16,692 [MainThread] serena.task_executor:issue_task:217 - Scheduling Task-4:SearchForPatternTool
INFO  2026-08-01 17:39:16,790 [SerenaAgentTaskExecutor] serena.task_executor:_process_task_queue:139 - Starting execution of Task-4:SearchForPatternTool
INFO  2026-08-01 17:39:16,790 [Task-4:SearchForPatternTool] serena.task_executor:start:329 - Task-4:SearchForPatternTool starting ...
INFO  2026-08-01 17:39:16,791 [Task-4:SearchForPatternTool] serena.tools.tools_base:_log_tool_application:279 - search_for_pattern: substring_pattern='How does get_symbol verify that stored symbol bounds still match the live file before serving a slice?', context_lines_before=0, context_lines_after=0, paths_include_glob='', paths_exclude_glob='', relative_path='.', restrict_search_to_code_files=False, multiline=True, max_answer_chars=-1, session_id='253c6dc0440'; session_id: 253c6dc0440
INFO  2026-08-01 17:39:17,332 [Task-4:SearchForPatternTool] serena.util.text_utils:search_files:319 - Processing 3493 files.
INFO  2026-08-01 17:39:18,150 [Task-4:SearchForPatternTool] serena.util.text_utils:search_files:360 - Found 0 total matches across 3493 files
INFO  2026-08-01 17:39:18,150 [Task-4:SearchForPatternTool] serena.tools.tools_base:task:410 - Result: {}
INFO  2026-08-01 17:39:18,151 [Task-4:SearchForPatternTool] serena.task_executor:stop:336 - Task-4:SearchForPatternTool completed in 1.360 seconds
  serena             E02_get_symbol_bounds_verify     ok hit@None
INFO  2026-08-01 17:39:18,153 [MainThread] mcp.server.lowlevel.server:_handle_request:733 - Processing request of type CallToolRequest
INFO  2026-08-01 17:39:18,153 [MainThread] serena.task_executor:issue_task:217 - Scheduling Task-5:SearchForPatternTool
INFO  2026-08-01 17:39:18,252 [SerenaAgentTaskExecutor] serena.task_executor:_process_task_queue:139 - Starting execution of Task-5:SearchForPatternTool
INFO  2026-08-01 17:39:18,252 [Task-5:SearchForPatternTool] serena.task_executor:start:329 - Task-5:SearchForPatternTool starting ...
INFO  2026-08-01 17:39:18,253 [Task-5:SearchForPatternTool] serena.tools.tools_base:_log_tool_application:279 - search_for_pattern: substring_pattern='how does check_symbol_bounds detect that a stored def has drifted', context_lines_before=0, context_lines_after=0, paths_include_glob='', paths_exclude_glob='', relative_path='.', restrict_search_to_code_files=False, multiline=True, max_answer_chars=-1, session_id='253c6dc0440'; session_id: 253c6dc0440
INFO  2026-08-01 17:39:18,795 [Task-5:SearchForPatternTool] serena.util.text_utils:search_files:319 - Processing 3493 files.
INFO  2026-08-01 17:39:19,662 [Task-5:SearchForPatternTool] serena.util.text_utils:search_files:360 - Found 0 total matches across 3493 files
INFO  2026-08-01 17:39:19,663 [Task-5:SearchForPatternTool] serena.tools.tools_base:task:410 - Result: {}
INFO  2026-08-01 17:39:19,663 [Task-5:SearchForPatternTool] serena.task_executor:stop:336 - Task-5:SearchForPatternTool completed in 1.411 seconds
  serena             E03_check_symbol_bounds_drift    ok hit@None
INFO  2026-08-01 17:39:19,667 [MainThread] mcp.server.lowlevel.server:_handle_request:733 - Processing request of type CallToolRequest
INFO  2026-08-01 17:39:19,667 [MainThread] serena.task_executor:issue_task:217 - Scheduling Task-6:SearchForPatternTool
INFO  2026-08-01 17:39:19,765 [SerenaAgentTaskExecutor] serena.task_executor:_process_task_queue:139 - Starting execution of Task-6:SearchForPatternTool
INFO  2026-08-01 17:39:19,766 [Task-6:SearchForPatternTool] serena.task_executor:start:329 - Task-6:SearchForPatternTool starting ...
INFO  2026-08-01 17:39:19,766 [Task-6:SearchForPatternTool] serena.tools.tools_base:_log_tool_application:279 - search_for_pattern: substring_pattern='How does the savings instrumentation wrapper preserve tool signatures?', context_lines_before=0, context_lines_after=0, paths_include_glob='', paths_exclude_glob='', relative_path='.', restrict_search_to_code_files=False, multiline=True, max_answer_chars=-1, session_id='253c6dc0440'; session_id: 253c6dc0440
INFO  2026-08-01 17:39:20,330 [Task-6:SearchForPatternTool] serena.util.text_utils:search_files:319 - Processing 3493 files.
INFO  2026-08-01 17:39:21,217 [Task-6:SearchForPatternTool] serena.util.text_utils:search_files:360 - Found 0 total matches across 3493 files
INFO  2026-08-01 17:39:21,218 [Task-6:SearchForPatternTool] serena.tools.tools_base:task:410 - Result: {}
INFO  2026-08-01 17:39:21,218 [Task-6:SearchForPatternTool] serena.task_executor:stop:336 - Task-6:SearchForPatternTool completed in 1.453 seconds
  serena             E04_savings_wrapper_signatures   ok hit@None
INFO  2026-08-01 17:39:21,221 [MainThread] mcp.server.lowlevel.server:_handle_request:733 - Processing request of type CallToolRequest
INFO  2026-08-01 17:39:21,222 [MainThread] serena.task_executor:issue_task:217 - Scheduling Task-7:SearchForPatternTool
INFO  2026-08-01 17:39:21,320 [SerenaAgentTaskExecutor] serena.task_executor:_process_task_queue:139 - Starting execution of Task-7:SearchForPatternTool
INFO  2026-08-01 17:39:21,320 [Task-7:SearchForPatternTool] serena.task_executor:start:329 - Task-7:SearchForPatternTool starting ...
INFO  2026-08-01 17:39:21,321 [Task-7:SearchForPatternTool] serena.tools.tools_base:_log_tool_application:279 - search_for_pattern: substring_pattern='ComplexityWalker', context_lines_before=0, context_lines_after=0, paths_include_glob='', paths_exclude_glob='', relative_path='.', restrict_search_to_code_files=False, multiline=True, max_answer_chars=-1, session_id='253c6dc0440'; session_id: 253c6dc0440
INFO  2026-08-01 17:39:21,967 [Task-7:SearchForPatternTool] serena.util.text_utils:search_files:319 - Processing 3493 files.
INFO  2026-08-01 17:39:22,885 [Task-7:SearchForPatternTool] serena.util.text_utils:search_files:360 - Found 1 total matches across 3493 files
INFO  2026-08-01 17:39:22,886 [Task-7:SearchForPatternTool] serena.tools.tools_base:task:410 - Result: {"tests\\unit\\server\\mcp\\test_mechanism_question.py": ["  >  45:    \"how much memory does the ComplexityWalker use\","]}
INFO  2026-08-01 17:39:22,887 [Task-7:SearchForPatternTool] serena.task_executor:stop:336 - Task-7:SearchForPatternTool completed in 1.566 seconds
  serena             E05_complexity_walker            ok hit@None
INFO  2026-08-01 17:39:22,889 [MainThread] mcp.server.lowlevel.server:_handle_request:733 - Processing request of type CallToolRequest
INFO  2026-08-01 17:39:22,890 [MainThread] serena.task_executor:issue_task:217 - Scheduling Task-8:SearchForPatternTool
INFO  2026-08-01 17:39:22,988 [SerenaAgentTaskExecutor] serena.task_executor:_process_task_queue:139 - Starting execution of Task-8:SearchForPatternTool
INFO  2026-08-01 17:39:22,988 [Task-8:SearchForPatternTool] serena.task_executor:start:329 - Task-8:SearchForPatternTool starting ...
INFO  2026-08-01 17:39:22,989 [Task-8:SearchForPatternTool] serena.tools.tools_base:_log_tool_application:279 - search_for_pattern: substring_pattern='How is unreachable dead code detected across the repository?', context_lines_before=0, context_lines_after=0, paths_include_glob='', paths_exclude_glob='', relative_path='.', restrict_search_to_code_files=False, multiline=True, max_answer_chars=-1, session_id='253c6dc0440'; session_id: 253c6dc0440
INFO  2026-08-01 17:39:23,549 [Task-8:SearchForPatternTool] serena.util.text_utils:search_files:319 - Processing 3493 files.
INFO  2026-08-01 17:39:24,369 [Task-8:SearchForPatternTool] serena.util.text_utils:search_files:360 - Found 1 total matches across 3493 files
INFO  2026-08-01 17:39:24,370 [Task-8:SearchForPatternTool] serena.tools.tools_base:task:410 - Result: {"tests\\unit\\server\\mcp\\test_mechanism_question.py": ["  >  22:    \"How is unreachable dead code detected across the repository?\","]}
INFO  2026-08-01 17:39:24,371 [Task-8:SearchForPatternTool] serena.task_executor:stop:336 - Task-8:SearchForPatternTool completed in 1.382 seconds
  serena             E06_dead_code_detection          ok hit@None
INFO  2026-08-01 17:39:24,373 [MainThread] mcp.server.lowlevel.server:_handle_request:733 - Processing request of type CallToolRequest
INFO  2026-08-01 17:39:24,374 [MainThread] serena.task_executor:issue_task:217 - Scheduling Task-9:SearchForPatternTool
INFO  2026-08-01 17:39:24,472 [SerenaAgentTaskExecutor] serena.task_executor:_process_task_queue:139 - Starting execution of Task-9:SearchForPatternTool
INFO  2026-08-01 17:39:24,472 [Task-9:SearchForPatternTool] serena.task_executor:start:329 - Task-9:SearchForPatternTool starting ...
INFO  2026-08-01 17:39:24,472 [Task-9:SearchForPatternTool] serena.tools.tools_base:_log_tool_application:279 - search_for_pattern: substring_pattern='How does search_codebase route a query to symbol, path, or concept mode?', context_lines_before=0, context_lines_after=0, paths_include_glob='', paths_exclude_glob='', relative_path='.', restrict_search_to_code_files=False, multiline=True, max_answer_chars=-1, session_id='253c6dc0440'; session_id: 253c6dc0440
INFO  2026-08-01 17:39:25,021 [Task-9:SearchForPatternTool] serena.util.text_utils:search_files:319 - Processing 3493 files.
INFO  2026-08-01 17:39:25,852 [Task-9:SearchForPatternTool] serena.util.text_utils:search_files:360 - Found 1 total matches across 3493 files
INFO  2026-08-01 17:39:25,853 [Task-9:SearchForPatternTool] serena.tools.tools_base:task:410 - Result: {"tests\\unit\\server\\mcp\\test_mechanism_question.py": ["  >  24:    \"How does search_codebase route a query to symbol, path, or concept mode?\","]}
INFO  2026-08-01 17:39:25,854 [Task-9:SearchForPatternTool] serena.task_executor:stop:336 - Task-9:SearchForPatternTool completed in 1.381 seconds
  serena             E07_search_mode_routing          ok hit@None
INFO  2026-08-01 17:39:25,857 [MainThread] mcp.server.lowlevel.server:_handle_request:733 - Processing request of type CallToolRequest
INFO  2026-08-01 17:39:25,857 [MainThread] serena.task_executor:issue_task:217 - Scheduling Task-10:SearchForPatternTool
INFO  2026-08-01 17:39:25,954 [SerenaAgentTaskExecutor] serena.task_executor:_process_task_queue:139 - Starting execution of Task-10:SearchForPatternTool
INFO  2026-08-01 17:39:25,955 [Task-10:SearchForPatternTool] serena.task_executor:start:329 - Task-10:SearchForPatternTool starting ...
INFO  2026-08-01 17:39:25,955 [Task-10:SearchForPatternTool] serena.tools.tools_base:_log_tool_application:279 - search_for_pattern: substring_pattern='how does _resolve_mode pick a search mode from the query shape', context_lines_before=0, context_lines_after=0, paths_include_glob='', paths_exclude_glob='', relative_path='.', restrict_search_to_code_files=False, multiline=True, max_answer_chars=-1, session_id='253c6dc0440'; session_id: 253c6dc0440
INFO  2026-08-01 17:39:26,541 [Task-10:SearchForPatternTool] serena.util.text_utils:search_files:319 - Processing 3493 files.
INFO  2026-08-01 17:39:27,436 [Task-10:SearchForPatternTool] serena.util.text_utils:search_files:360 - Found 0 total matches across 3493 files
INFO  2026-08-01 17:39:27,437 [Task-10:SearchForPatternTool] serena.tools.tools_base:task:410 - Result: {}
INFO  2026-08-01 17:39:27,437 [Task-10:SearchForPatternTool] serena.task_executor:stop:336 - Task-10:SearchForPatternTool completed in 1.483 seconds
  serena             E08_resolve_mode                 ok hit@None
INFO  2026-08-01 17:39:27,440 [MainThread] mcp.server.lowlevel.server:_handle_request:733 - Processing request of type CallToolRequest
INFO  2026-08-01 17:39:27,440 [MainThread] serena.task_executor:issue_task:217 - Scheduling Task-11:SearchForPatternTool
INFO  2026-08-01 17:39:27,538 [SerenaAgentTaskExecutor] serena.task_executor:_process_task_queue:139 - Starting execution of Task-11:SearchForPatternTool
INFO  2026-08-01 17:39:27,539 [Task-11:SearchForPatternTool] serena.task_executor:start:329 - Task-11:SearchForPatternTool starting ...
INFO  2026-08-01 17:39:27,539 [Task-11:SearchForPatternTool] serena.tools.tools_base:_log_tool_application:279 - search_for_pattern: substring_pattern='What does get_answer return when a question names a symbol that has several definitions?', context_lines_before=0, context_lines_after=0, paths_include_glob='', paths_exclude_glob='', relative_path='.', restrict_search_to_code_files=False, multiline=True, max_answer_chars=-1, session_id='253c6dc0440'; session_id: 253c6dc0440
INFO  2026-08-01 17:39:28,098 [Task-11:SearchForPatternTool] serena.util.text_utils:search_files:319 - Processing 3493 files.
INFO  2026-08-01 17:39:28,944 [Task-11:SearchForPatternTool] serena.util.text_utils:search_files:360 - Found 0 total matches across 3493 files
INFO  2026-08-01 17:39:28,945 [Task-11:SearchForPatternTool] serena.tools.tools_base:task:410 - Result: {}
INFO  2026-08-01 17:39:28,945 [Task-11:SearchForPatternTool] serena.task_executor:stop:336 - Task-11:SearchForPatternTool completed in 1.407 seconds
  serena             E09_homonym_union                ok hit@None
INFO  2026-08-01 17:39:28,949 [MainThread] mcp.server.lowlevel.server:_handle_request:733 - Processing request of type CallToolRequest
INFO  2026-08-01 17:39:28,949 [MainThread] serena.task_executor:issue_task:217 - Scheduling Task-12:SearchForPatternTool
INFO  2026-08-01 17:39:29,046 [SerenaAgentTaskExecutor] serena.task_executor:_process_task_queue:139 - Starting execution of Task-12:SearchForPatternTool
INFO  2026-08-01 17:39:29,046 [Task-12:SearchForPatternTool] serena.task_executor:start:329 - Task-12:SearchForPatternTool starting ...
INFO  2026-08-01 17:39:29,046 [Task-12:SearchForPatternTool] serena.tools.tools_base:_log_tool_application:279 - search_for_pattern: substring_pattern='batch_upsert_symbols', context_lines_before=0, context_lines_after=0, paths_include_glob='', paths_exclude_glob='', relative_path='.', restrict_search_to_code_files=False, multiline=True, max_answer_chars=-1, session_id='253c6dc0440'; session_id: 253c6dc0440
INFO  2026-08-01 17:39:29,603 [Task-12:SearchForPatternTool] serena.util.text_utils:search_files:319 - Processing 3493 files.
INFO  2026-08-01 17:39:30,442 [Task-12:SearchForPatternTool] serena.util.text_utils:search_files:360 - Found 18 total matches across 3493 files
INFO  2026-08-01 17:39:30,443 [Task-12:SearchForPatternTool] serena.tools.tools_base:task:410 - Result: {"packages\\core\\src\\repowise\\core\\persistence\\crud\\external_systems.py": ["  > 198:async def batch_upsert_symbols(", "  > 235:    :func:`batch_upsert_symbols` reloads *every* symbol row for the repo, so"], "packages\\core\\src\\repowise\\core\\persistence\\stores\\_sql_graph_records.py": ["  > 123:    async def batch_upsert_symbols(", "  > 126:        await crud.batch_upsert_symbols(self._session, repository_id, symbols)"], "packages\\core\\src\\repowise\\core\\persistence\\_interfaces\\_graph_records.py": ["  > 108:    async def batch_upsert_symbols("], "packages\\core\\src\\repowise\\core\\persistence\\__init__.py": ["  >  23:    batch_upsert_symbols,", "  > 199:    \"batch_upsert_symbols\","], "packages\\core\\src\\repowise\\core\\pipeline\\persist.py": ["  > 440:    ``batch_upsert_symbols`` reloads every symbol row.", "  > 832:        batch_upsert_symbols,", "  > 894:        await batch_upsert_symbols(session, repo_id, all_symbols)"], "tests\\fixtures\\distill\\git_diff_large.txt": ["  >4152:@@ -153,14 +153,13 @@ async def batch_upsert_symbols("], "tests\\unit\\persistence\\test_crud.py": ["  >  16:    batch_upsert_symbols,", "  > 440:async def test_batch_upsert_symbols_inserts(async_session):", "  > 469:    await batch_upsert_symbols(async_session, repo.id, syms)"], "tests\\unit\\persistence\\test_crud_smoke.py": ["  >  18:    batch_upsert_symbols,", "  > 103:async def test_batch_upsert_symbols_updates_existing(async_session):", "  > 105:    await batch_upsert_symbols(async_session, repo.id, [_Sym(\"m.py\", \"f\", signature=\"()\")])", "  > 106:    await batch_upsert_symbols("]}
INFO  2026-08-01 17:39:30,443 [Task-12:SearchForPatternTool] serena.task_executor:stop:336 - Task-12:SearchForPatternTool completed in 1.396 seconds
  serena             E10_batch_upsert_symbols         ok hit@None
INFO  2026-08-01 17:39:30,446 [MainThread] mcp.server.lowlevel.server:_handle_request:733 - Processing request of type CallToolRequest
INFO  2026-08-01 17:39:30,446 [MainThread] serena.task_executor:issue_task:217 - Scheduling Task-13:SearchForPatternTool
INFO  2026-08-01 17:39:30,543 [SerenaAgentTaskExecutor] serena.task_executor:_process_task_queue:139 - Starting execution of Task-13:SearchForPatternTool
INFO  2026-08-01 17:39:30,543 [Task-13:SearchForPatternTool] serena.task_executor:start:329 - Task-13:SearchForPatternTool starting ...
INFO  2026-08-01 17:39:30,544 [Task-13:SearchForPatternTool] serena.tools.tools_base:_log_tool_application:279 - search_for_pattern: substring_pattern='How does get_answer mine the field set for a data-shape question straight from source?', context_lines_before=0, context_lines_after=0, paths_include_glob='', paths_exclude_glob='', relative_path='.', restrict_search_to_code_files=False, multiline=True, max_answer_chars=-1, session_id='253c6dc0440'; session_id: 253c6dc0440
INFO  2026-08-01 17:39:31,102 [Task-13:SearchForPatternTool] serena.util.text_utils:search_files:319 - Processing 3493 files.
INFO  2026-08-01 17:39:31,936 [Task-13:SearchForPatternTool] serena.util.text_utils:search_files:360 - Found 0 total matches across 3493 files
INFO  2026-08-01 17:39:31,937 [Task-13:SearchForPatternTool] serena.tools.tools_base:task:410 - Result: {}
INFO  2026-08-01 17:39:31,938 [Task-13:SearchForPatternTool] serena.task_executor:stop:336 - Task-13:SearchForPatternTool completed in 1.394 seconds
  serena             E11_data_shape_mining            ok hit@None
INFO  2026-08-01 17:39:31,940 [MainThread] mcp.server.lowlevel.server:_handle_request:733 - Processing request of type CallToolRequest
INFO  2026-08-01 17:39:31,941 [MainThread] serena.task_executor:issue_task:217 - Scheduling Task-14:SearchForPatternTool
INFO  2026-08-01 17:39:32,039 [SerenaAgentTaskExecutor] serena.task_executor:_process_task_queue:139 - Starting execution of Task-14:SearchForPatternTool
INFO  2026-08-01 17:39:32,040 [Task-14:SearchForPatternTool] serena.task_executor:start:329 - Task-14:SearchForPatternTool starting ...
INFO  2026-08-01 17:39:32,040 [Task-14:SearchForPatternTool] serena.tools.tools_base:_log_tool_application:279 - search_for_pattern: substring_pattern='where is filter_dicts_by_key defined', context_lines_before=0, context_lines_after=0, paths_include_glob='', paths_exclude_glob='', relative_path='.', restrict_search_to_code_files=False, multiline=True, max_answer_chars=-1, session_id='253c6dc0440'; session_id: 253c6dc0440
INFO  2026-08-01 17:39:32,632 [Task-14:SearchForPatternTool] serena.util.text_utils:search_files:319 - Processing 3493 files.
INFO  2026-08-01 17:39:33,556 [Task-14:SearchForPatternTool] serena.util.text_utils:search_files:360 - Found 1 total matches across 3493 files
INFO  2026-08-01 17:39:33,557 [Task-14:SearchForPatternTool] serena.tools.tools_base:task:410 - Result: {"tests\\unit\\server\\mcp\\test_neighbor_rerank.py": ["  >  99:    assert not is_flow_question(\"where is filter_dicts_by_key defined\")"]}
INFO  2026-08-01 17:39:33,557 [Task-14:SearchForPatternTool] serena.task_executor:stop:336 - Task-14:SearchForPatternTool completed in 1.518 seconds
  serena             E12_filter_dicts_by_key_def      ok hit@None
INFO  2026-08-01 17:39:33,561 [MainThread] mcp.server.lowlevel.server:_handle_request:733 - Processing request of type CallToolRequest
INFO  2026-08-01 17:39:33,561 [MainThread] serena.task_executor:issue_task:217 - Scheduling Task-15:SearchForPatternTool
INFO  2026-08-01 17:39:33,659 [SerenaAgentTaskExecutor] serena.task_executor:_process_task_queue:139 - Starting execution of Task-15:SearchForPatternTool
INFO  2026-08-01 17:39:33,659 [Task-15:SearchForPatternTool] serena.task_executor:start:329 - Task-15:SearchForPatternTool starting ...
INFO  2026-08-01 17:39:33,659 [Task-15:SearchForPatternTool] serena.tools.tools_base:_log_tool_application:279 - search_for_pattern: substring_pattern='How does get_context build a body-elided file skeleton under a token budget?', context_lines_before=0, context_lines_after=0, paths_include_glob='', paths_exclude_glob='', relative_path='.', restrict_search_to_code_files=False, multiline=True, max_answer_chars=-1, session_id='253c6dc0440'; session_id: 253c6dc0440
INFO  2026-08-01 17:39:34,245 [Task-15:SearchForPatternTool] serena.util.text_utils:search_files:319 - Processing 3493 files.
INFO  2026-08-01 17:39:35,093 [Task-15:SearchForPatternTool] serena.util.text_utils:search_files:360 - Found 0 total matches across 3493 files
INFO  2026-08-01 17:39:35,094 [Task-15:SearchForPatternTool] serena.tools.tools_base:task:410 - Result: {}
INFO  2026-08-01 17:39:35,094 [Task-15:SearchForPatternTool] serena.task_executor:stop:336 - Task-15:SearchForPatternTool completed in 1.435 seconds
  serena             E13_skeleton_build               ok hit@None
INFO  2026-08-01 17:39:35,097 [MainThread] mcp.server.lowlevel.server:_handle_request:733 - Processing request of type CallToolRequest
INFO  2026-08-01 17:39:35,097 [MainThread] serena.task_executor:issue_task:217 - Scheduling Task-16:SearchForPatternTool
INFO  2026-08-01 17:39:35,195 [SerenaAgentTaskExecutor] serena.task_executor:_process_task_queue:139 - Starting execution of Task-16:SearchForPatternTool
INFO  2026-08-01 17:39:35,195 [Task-16:SearchForPatternTool] serena.task_executor:start:329 - Task-16:SearchForPatternTool starting ...
INFO  2026-08-01 17:39:35,196 [Task-16:SearchForPatternTool] serena.tools.tools_base:_log_tool_application:279 - search_for_pattern: substring_pattern='How does the get_answer hydrator turn stored symbol bounds into signatures and bodies?', context_lines_before=0, context_lines_after=0, paths_include_glob='', paths_exclude_glob='', relative_path='.', restrict_search_to_code_files=False, multiline=True, max_answer_chars=-1, session_id='253c6dc0440'; session_id: 253c6dc0440
INFO  2026-08-01 17:39:35,759 [Task-16:SearchForPatternTool] serena.util.text_utils:search_files:319 - Processing 3493 files.
INFO  2026-08-01 17:39:36,642 [Task-16:SearchForPatternTool] serena.util.text_utils:search_files:360 - Found 0 total matches across 3493 files
INFO  2026-08-01 17:39:36,643 [Task-16:SearchForPatternTool] serena.tools.tools_base:task:410 - Result: {}
INFO  2026-08-01 17:39:36,643 [Task-16:SearchForPatternTool] serena.task_executor:stop:336 - Task-16:SearchForPatternTool completed in 1.448 seconds
  serena             E14_hydrator_signatures          ok hit@None
INFO  2026-08-01 17:39:36,646 [MainThread] mcp.server.lowlevel.server:_handle_request:733 - Processing request of type CallToolRequest
INFO  2026-08-01 17:39:36,646 [MainThread] serena.task_executor:issue_task:217 - Scheduling Task-17:SearchForPatternTool
INFO  2026-08-01 17:39:36,745 [SerenaAgentTaskExecutor] serena.task_executor:_process_task_queue:139 - Starting execution of Task-17:SearchForPatternTool
INFO  2026-08-01 17:39:36,745 [Task-17:SearchForPatternTool] serena.task_executor:start:329 - Task-17:SearchForPatternTool starting ...
INFO  2026-08-01 17:39:36,745 [Task-17:SearchForPatternTool] serena.tools.tools_base:_log_tool_application:279 - search_for_pattern: substring_pattern='How does search_codebase attach the exact-match honesty signal for identifier queries?', context_lines_before=0, context_lines_after=0, paths_include_glob='', paths_exclude_glob='', relative_path='.', restrict_search_to_code_files=False, multiline=True, max_answer_chars=-1, session_id='253c6dc0440'; session_id: 253c6dc0440
INFO  2026-08-01 17:39:37,307 [Task-17:SearchForPatternTool] serena.util.text_utils:search_files:319 - Processing 3493 files.
INFO  2026-08-01 17:39:38,146 [Task-17:SearchForPatternTool] serena.util.text_utils:search_files:360 - Found 0 total matches across 3493 files
INFO  2026-08-01 17:39:38,147 [Task-17:SearchForPatternTool] serena.tools.tools_base:task:410 - Result: {}
INFO  2026-08-01 17:39:38,147 [Task-17:SearchForPatternTool] serena.task_executor:stop:336 - Task-17:SearchForPatternTool completed in 1.402 seconds
  serena             E15_exact_match_honesty          ok hit@None
INFO  2026-08-01 17:39:38,150 [MainThread] mcp.server.lowlevel.server:_handle_request:733 - Processing request of type CallToolRequest
INFO  2026-08-01 17:39:38,150 [MainThread] serena.task_executor:issue_task:217 - Scheduling Task-18:SearchForPatternTool
INFO  2026-08-01 17:39:38,248 [SerenaAgentTaskExecutor] serena.task_executor:_process_task_queue:139 - Starting execution of Task-18:SearchForPatternTool
INFO  2026-08-01 17:39:38,249 [Task-18:SearchForPatternTool] serena.task_executor:start:329 - Task-18:SearchForPatternTool starting ...
INFO  2026-08-01 17:39:38,249 [Task-18:SearchForPatternTool] serena.tools.tools_base:_log_tool_application:279 - search_for_pattern: substring_pattern='How does an incremental update persist symbols for the files that changed?', context_lines_before=0, context_lines_after=0, paths_include_glob='', paths_exclude_glob='', relative_path='.', restrict_search_to_code_files=False, multiline=True, max_answer_chars=-1, session_id='253c6dc0440'; session_id: 253c6dc0440
INFO  2026-08-01 17:39:38,805 [Task-18:SearchForPatternTool] serena.util.text_utils:search_files:319 - Processing 3493 files.
INFO  2026-08-01 17:39:39,630 [Task-18:SearchForPatternTool] serena.util.text_utils:search_files:360 - Found 0 total matches across 3493 files
INFO  2026-08-01 17:39:39,631 [Task-18:SearchForPatternTool] serena.tools.tools_base:task:410 - Result: {}
INFO  2026-08-01 17:39:39,631 [Task-18:SearchForPatternTool] serena.task_executor:stop:336 - Task-18:SearchForPatternTool completed in 1.383 seconds
  serena             E16_incremental_symbol_persist   ok hit@None
INFO  2026-08-01 17:39:39,634 [MainThread] mcp.server.lowlevel.server:_handle_request:733 - Processing request of type CallToolRequest
INFO  2026-08-01 17:39:39,634 [MainThread] serena.task_executor:issue_task:217 - Scheduling Task-19:SearchForPatternTool
INFO  2026-08-01 17:39:39,732 [SerenaAgentTaskExecutor] serena.task_executor:_process_task_queue:139 - Starting execution of Task-19:SearchForPatternTool
INFO  2026-08-01 17:39:39,733 [Task-19:SearchForPatternTool] serena.task_executor:start:329 - Task-19:SearchForPatternTool starting ...
INFO  2026-08-01 17:39:39,733 [Task-19:SearchForPatternTool] serena.tools.tools_base:_log_tool_application:279 - search_for_pattern: substring_pattern='How does get_risk compute blast radius and the dependents count for a file?', context_lines_before=0, context_lines_after=0, paths_include_glob='', paths_exclude_glob='', relative_path='.', restrict_search_to_code_files=False, multiline=True, max_answer_chars=-1, session_id='253c6dc0440'; session_id: 253c6dc0440
INFO  2026-08-01 17:39:40,288 [Task-19:SearchForPatternTool] serena.util.text_utils:search_files:319 - Processing 3493 files.
INFO  2026-08-01 17:39:41,102 [Task-19:SearchForPatternTool] serena.util.text_utils:search_files:360 - Found 0 total matches across 3493 files
INFO  2026-08-01 17:39:41,103 [Task-19:SearchForPatternTool] serena.tools.tools_base:task:410 - Result: {}
INFO  2026-08-01 17:39:41,103 [Task-19:SearchForPatternTool] serena.task_executor:stop:336 - Task-19:SearchForPatternTool completed in 1.370 seconds
  serena             E17_blast_radius                 ok hit@None
INFO  2026-08-01 17:39:41,106 [MainThread] mcp.server.lowlevel.server:_handle_request:733 - Processing request of type CallToolRequest
INFO  2026-08-01 17:39:41,106 [MainThread] serena.task_executor:issue_task:217 - Scheduling Task-20:SearchForPatternTool
INFO  2026-08-01 17:39:41,204 [SerenaAgentTaskExecutor] serena.task_executor:_process_task_queue:139 - Starting execution of Task-20:SearchForPatternTool
INFO  2026-08-01 17:39:41,204 [Task-20:SearchForPatternTool] serena.task_executor:start:329 - Task-20:SearchForPatternTool starting ...
INFO  2026-08-01 17:39:41,204 [Task-20:SearchForPatternTool] serena.tools.tools_base:_log_tool_application:279 - search_for_pattern: substring_pattern='how does OmissionStore get a stored omission by ref', context_lines_before=0, context_lines_after=0, paths_include_glob='', paths_exclude_glob='', relative_path='.', restrict_search_to_code_files=False, multiline=True, max_answer_chars=-1, session_id='253c6dc0440'; session_id: 253c6dc0440
INFO  2026-08-01 17:39:41,757 [Task-20:SearchForPatternTool] serena.util.text_utils:search_files:319 - Processing 3493 files.
INFO  2026-08-01 17:39:42,577 [Task-20:SearchForPatternTool] serena.util.text_utils:search_files:360 - Found 0 total matches across 3493 files
INFO  2026-08-01 17:39:42,578 [Task-20:SearchForPatternTool] serena.tools.tools_base:task:410 - Result: {}
INFO  2026-08-01 17:39:42,578 [Task-20:SearchForPatternTool] serena.task_executor:stop:336 - Task-20:SearchForPatternTool completed in 1.374 seconds
  serena             E18_omission_store_get           ok hit@None
INFO  2026-08-01 17:39:42,580 [MainThread] mcp.server.lowlevel.server:_handle_request:733 - Processing request of type CallToolRequest
INFO  2026-08-01 17:39:42,581 [MainThread] serena.task_executor:issue_task:217 - Scheduling Task-21:SearchForPatternTool
INFO  2026-08-01 17:39:42,679 [SerenaAgentTaskExecutor] serena.task_executor:_process_task_queue:139 - Starting execution of Task-21:SearchForPatternTool
INFO  2026-08-01 17:39:42,680 [Task-21:SearchForPatternTool] serena.task_executor:start:329 - Task-21:SearchForPatternTool starting ...
INFO  2026-08-01 17:39:42,680 [Task-21:SearchForPatternTool] serena.tools.tools_base:_log_tool_application:279 - search_for_pattern: substring_pattern='How are decision records down-weighted when ranking search results?', context_lines_before=0, context_lines_after=0, paths_include_glob='', paths_exclude_glob='', relative_path='.', restrict_search_to_code_files=False, multiline=True, max_answer_chars=-1, session_id='253c6dc0440'; session_id: 253c6dc0440
INFO  2026-08-01 17:39:43,239 [Task-21:SearchForPatternTool] serena.util.text_utils:search_files:319 - Processing 3493 files.
INFO  2026-08-01 17:39:44,053 [Task-21:SearchForPatternTool] serena.util.text_utils:search_files:360 - Found 0 total matches across 3493 files
INFO  2026-08-01 17:39:44,055 [Task-21:SearchForPatternTool] serena.tools.tools_base:task:410 - Result: {}
INFO  2026-08-01 17:39:44,055 [Task-21:SearchForPatternTool] serena.task_executor:stop:336 - Task-21:SearchForPatternTool completed in 1.375 seconds
  serena             E19_decision_downweight          ok hit@None
INFO  2026-08-01 17:39:44,058 [MainThread] mcp.server.lowlevel.server:_handle_request:733 - Processing request of type CallToolRequest
INFO  2026-08-01 17:39:44,058 [MainThread] serena.task_executor:issue_task:217 - Scheduling Task-22:SearchForPatternTool
INFO  2026-08-01 17:39:44,156 [SerenaAgentTaskExecutor] serena.task_executor:_process_task_queue:139 - Starting execution of Task-22:SearchForPatternTool
INFO  2026-08-01 17:39:44,156 [Task-22:SearchForPatternTool] serena.task_executor:start:329 - Task-22:SearchForPatternTool starting ...
INFO  2026-08-01 17:39:44,156 [Task-22:SearchForPatternTool] serena.tools.tools_base:_log_tool_application:279 - search_for_pattern: substring_pattern='how do ingestion symbol bounds end up used by MCP skeleton rendering', context_lines_before=0, context_lines_after=0, paths_include_glob='', paths_exclude_glob='', relative_path='.', restrict_search_to_code_files=False, multiline=True, max_answer_chars=-1, session_id='253c6dc0440'; session_id: 253c6dc0440
INFO  2026-08-01 17:39:44,719 [Task-22:SearchForPatternTool] serena.util.text_utils:search_files:319 - Processing 3493 files.
INFO  2026-08-01 17:39:46,193 [Task-22:SearchForPatternTool] serena.util.text_utils:search_files:360 - Found 1 total matches across 3493 files
INFO  2026-08-01 17:39:46,194 [Task-22:SearchForPatternTool] serena.tools.tools_base:task:410 - Result: {"tests\\unit\\server\\mcp\\test_mechanism_question.py": ["  >  21:    \"how do ingestion symbol bounds end up used by MCP skeleton rendering\","]}
INFO  2026-08-01 17:39:46,195 [Task-22:SearchForPatternTool] serena.task_executor:stop:336 - Task-22:SearchForPatternTool completed in 2.038 seconds
  serena             E20_bounds_to_skeleton_flow      ok hit@None
INFO  2026-08-01 17:39:46,197 [MainThread] mcp.server.lowlevel.server:_handle_request:733 - Processing request of type CallToolRequest
INFO  2026-08-01 17:39:46,197 [MainThread] serena.task_executor:issue_task:217 - Scheduling Task-23:SearchForPatternTool
INFO  2026-08-01 17:39:46,296 [SerenaAgentTaskExecutor] serena.task_executor:_process_task_queue:139 - Starting execution of Task-23:SearchForPatternTool
INFO  2026-08-01 17:39:46,297 [Task-23:SearchForPatternTool] serena.task_executor:start:329 - Task-23:SearchForPatternTool starting ...
INFO  2026-08-01 17:39:46,297 [Task-23:SearchForPatternTool] serena.tools.tools_base:_log_tool_application:279 - search_for_pattern: substring_pattern="how does a parsed symbol's line range travel from ingestion into a get_answer symbol body", context_lines_before=0, context_lines_after=0, paths_include_glob='', paths_exclude_glob='', relative_path='.', restrict_search_to_code_files=False, multiline=True, max_answer_chars=-1, session_id='253c6dc0440'; session_id: 253c6dc0440
INFO  2026-08-01 17:39:46,849 [Task-23:SearchForPatternTool] serena.util.text_utils:search_files:319 - Processing 3493 files.
INFO  2026-08-01 17:39:47,673 [Task-23:SearchForPatternTool] serena.util.text_utils:search_files:360 - Found 0 total matches across 3493 files
INFO  2026-08-01 17:39:47,674 [Task-23:SearchForPatternTool] serena.tools.tools_base:task:410 - Result: {}
INFO  2026-08-01 17:39:47,674 [Task-23:SearchForPatternTool] serena.task_executor:stop:336 - Task-23:SearchForPatternTool completed in 1.377 seconds
  serena             E21_parse_to_body_flow           ok hit@None
INFO  2026-08-01 17:39:47,677 [MainThread] mcp.server.lowlevel.server:_handle_request:733 - Processing request of type CallToolRequest
INFO  2026-08-01 17:39:47,677 [MainThread] serena.task_executor:issue_task:217 - Scheduling Task-24:SearchForPatternTool
INFO  2026-08-01 17:39:47,774 [SerenaAgentTaskExecutor] serena.task_executor:_process_task_queue:139 - Starting execution of Task-24:SearchForPatternTool
INFO  2026-08-01 17:39:47,775 [Task-24:SearchForPatternTool] serena.task_executor:start:329 - Task-24:SearchForPatternTool starting ...
INFO  2026-08-01 17:39:47,775 [Task-24:SearchForPatternTool] serena.tools.tools_base:_log_tool_application:279 - search_for_pattern: substring_pattern='how does a retrieval hit in get_answer become an enriched symbol body served to the agent', context_lines_before=0, context_lines_after=0, paths_include_glob='', paths_exclude_glob='', relative_path='.', restrict_search_to_code_files=False, multiline=True, max_answer_chars=-1, session_id='253c6dc0440'; session_id: 253c6dc0440
INFO  2026-08-01 17:39:48,349 [Task-24:SearchForPatternTool] serena.util.text_utils:search_files:319 - Processing 3493 files.
INFO  2026-08-01 17:39:49,175 [Task-24:SearchForPatternTool] serena.util.text_utils:search_files:360 - Found 0 total matches across 3493 files
INFO  2026-08-01 17:39:49,176 [Task-24:SearchForPatternTool] serena.tools.tools_base:task:410 - Result: {}
INFO  2026-08-01 17:39:49,176 [Task-24:SearchForPatternTool] serena.task_executor:stop:336 - Task-24:SearchForPatternTool completed in 1.401 seconds
  serena             E22_retrieval_to_enriched_body   ok hit@None
INFO  2026-08-01 17:39:49,179 [MainThread] mcp.server.lowlevel.server:_handle_request:733 - Processing request of type CallToolRequest
INFO  2026-08-01 17:39:49,179 [MainThread] serena.task_executor:issue_task:217 - Scheduling Task-25:SearchForPatternTool
INFO  2026-08-01 17:39:49,277 [SerenaAgentTaskExecutor] serena.task_executor:_process_task_queue:139 - Starting execution of Task-25:SearchForPatternTool
INFO  2026-08-01 17:39:49,278 [Task-25:SearchForPatternTool] serena.task_executor:start:329 - Task-25:SearchForPatternTool starting ...
INFO  2026-08-01 17:39:49,278 [Task-25:SearchForPatternTool] serena.tools.tools_base:_log_tool_application:279 - search_for_pattern: substring_pattern='how does a changed file get its symbols re-persisted during a repowise update', context_lines_before=0, context_lines_after=0, paths_include_glob='', paths_exclude_glob='', relative_path='.', restrict_search_to_code_files=False, multiline=True, max_answer_chars=-1, session_id='253c6dc0440'; session_id: 253c6dc0440
INFO  2026-08-01 17:39:49,824 [Task-25:SearchForPatternTool] serena.util.text_utils:search_files:319 - Processing 3493 files.
INFO  2026-08-01 17:39:50,647 [Task-25:SearchForPatternTool] serena.util.text_utils:search_files:360 - Found 0 total matches across 3493 files
INFO  2026-08-01 17:39:50,648 [Task-25:SearchForPatternTool] serena.tools.tools_base:task:410 - Result: {}
INFO  2026-08-01 17:39:50,648 [Task-25:SearchForPatternTool] serena.task_executor:stop:336 - Task-25:SearchForPatternTool completed in 1.370 seconds
  serena             E23_changed_file_repersist_flow  ok hit@None
INFO  2026-08-01 17:39:50,651 [MainThread] mcp.server.lowlevel.server:_handle_request:733 - Processing request of type CallToolRequest
INFO  2026-08-01 17:39:50,651 [MainThread] serena.task_executor:issue_task:217 - Scheduling Task-26:SearchForPatternTool
INFO  2026-08-01 17:39:50,749 [SerenaAgentTaskExecutor] serena.task_executor:_process_task_queue:139 - Starting execution of Task-26:SearchForPatternTool
INFO  2026-08-01 17:39:50,750 [Task-26:SearchForPatternTool] serena.task_executor:start:329 - Task-26:SearchForPatternTool starting ...
INFO  2026-08-01 17:39:50,750 [Task-26:SearchForPatternTool] serena.tools.tools_base:_log_tool_application:279 - search_for_pattern: substring_pattern='how does retrieval feed synthesis in get_answer', context_lines_before=0, context_lines_after=0, paths_include_glob='', paths_exclude_glob='', relative_path='.', restrict_search_to_code_files=False, multiline=True, max_answer_chars=-1, session_id='253c6dc0440'; session_id: 253c6dc0440
INFO  2026-08-01 17:39:51,303 [Task-26:SearchForPatternTool] serena.util.text_utils:search_files:319 - Processing 3493 files.
INFO  2026-08-01 17:39:52,120 [Task-26:SearchForPatternTool] serena.util.text_utils:search_files:360 - Found 5 total matches across 3493 files
INFO  2026-08-01 17:39:52,121 [Task-26:SearchForPatternTool] serena.tools.tools_base:task:410 - Result: {"tests\\unit\\server\\mcp\\test_mechanism_question.py": ["  >  23:    \"how does retrieval feed synthesis in get_answer\","], "tests\\unit\\server\\mcp\\test_neighbor_rerank.py": ["  >  93:    assert is_flow_question(\"how does retrieval feed synthesis in get_answer\")"], "tests\\unit\\server\\mcp\\test_search.py": ["  > 739:        assert _prose_dominates(\"how does retrieval feed synthesis in get_answer\", [\"get_answer\"])", "  > 751:            \"how does retrieval feed synthesis in get_answer\",", "  > 785:            \"how does retrieval feed synthesis in get_answer\", symbols, [], limit=5, exact=False"]}
INFO  2026-08-01 17:39:52,122 [Task-26:SearchForPatternTool] serena.task_executor:stop:336 - Task-26:SearchForPatternTool completed in 1.372 seconds
  serena             E24_retrieval_feeds_synthesis_flow ok hit@None
INFO  2026-08-01 17:39:52,124 [MainThread] mcp.server.lowlevel.server:_handle_request:733 - Processing request of type CallToolRequest
INFO  2026-08-01 17:39:52,125 [MainThread] serena.task_executor:issue_task:217 - Scheduling Task-27:SearchForPatternTool
INFO  2026-08-01 17:39:52,223 [SerenaAgentTaskExecutor] serena.task_executor:_process_task_queue:139 - Starting execution of Task-27:SearchForPatternTool
INFO  2026-08-01 17:39:52,223 [Task-27:SearchForPatternTool] serena.task_executor:start:329 - Task-27:SearchForPatternTool starting ...
INFO  2026-08-01 17:39:52,224 [Task-27:SearchForPatternTool] serena.tools.tools_base:_log_tool_application:279 - search_for_pattern: substring_pattern='how does retrieval feed synthesis in get_answer', context_lines_before=0, context_lines_after=0, paths_include_glob='', paths_exclude_glob='', relative_path='.', restrict_search_to_code_files=False, multiline=True, max_answer_chars=-1, session_id='253c6dc0440'; session_id: 253c6dc0440
INFO  2026-08-01 17:39:52,785 [Task-27:SearchForPatternTool] serena.util.text_utils:search_files:319 - Processing 3493 files.
INFO  2026-08-01 17:39:53,696 [Task-27:SearchForPatternTool] serena.util.text_utils:search_files:360 - Found 5 total matches across 3493 files
INFO  2026-08-01 17:39:53,698 [Task-27:SearchForPatternTool] serena.tools.tools_base:task:410 - Result: {"tests\\unit\\server\\mcp\\test_mechanism_question.py": ["  >  23:    \"how does retrieval feed synthesis in get_answer\","], "tests\\unit\\server\\mcp\\test_neighbor_rerank.py": ["  >  93:    assert is_flow_question(\"how does retrieval feed synthesis in get_answer\")"], "tests\\unit\\server\\mcp\\test_search.py": ["  > 739:        assert _prose_dominates(\"how does retrieval feed synthesis in get_answer\", [\"get_answer\"])", "  > 751:            \"how does retrieval feed synthesis in get_answer\",", "  > 785:            \"how does retrieval feed synthesis in get_answer\", symbols, [], limit=5, exact=False"]}
INFO  2026-08-01 17:39:53,698 [Task-27:SearchForPatternTool] serena.task_executor:stop:336 - Task-27:SearchForPatternTool completed in 1.475 seconds
  serena             E25_hybrid_repro_get_answer      ok hit@None
INFO  2026-08-01 17:39:53,702 [MainThread] mcp.server.lowlevel.server:_handle_request:733 - Processing request of type CallToolRequest
INFO  2026-08-01 17:39:53,703 [MainThread] serena.task_executor:issue_task:217 - Scheduling Task-28:SearchForPatternTool
INFO  2026-08-01 17:39:53,800 [SerenaAgentTaskExecutor] serena.task_executor:_process_task_queue:139 - Starting execution of Task-28:SearchForPatternTool
INFO  2026-08-01 17:39:53,801 [Task-28:SearchForPatternTool] serena.task_executor:start:329 - Task-28:SearchForPatternTool starting ...
INFO  2026-08-01 17:39:53,801 [Task-28:SearchForPatternTool] serena.tools.tools_base:_log_tool_application:279 - search_for_pattern: substring_pattern='where does the pipeline call batch_upsert_symbols during persist', context_lines_before=0, context_lines_after=0, paths_include_glob='', paths_exclude_glob='', relative_path='.', restrict_search_to_code_files=False, multiline=True, max_answer_chars=-1, session_id='253c6dc0440'; session_id: 253c6dc0440
INFO  2026-08-01 17:39:54,386 [Task-28:SearchForPatternTool] serena.util.text_utils:search_files:319 - Processing 3493 files.
INFO  2026-08-01 17:39:55,267 [Task-28:SearchForPatternTool] serena.util.text_utils:search_files:360 - Found 0 total matches across 3493 files
INFO  2026-08-01 17:39:55,268 [Task-28:SearchForPatternTool] serena.tools.tools_base:task:410 - Result: {}
INFO  2026-08-01 17:39:55,268 [Task-28:SearchForPatternTool] serena.task_executor:stop:336 - Task-28:SearchForPatternTool completed in 1.467 seconds
  serena             E26_pipeline_calls_upsert        ok hit@None
INFO  2026-08-01 17:39:55,271 [MainThread] mcp.server.lowlevel.server:_handle_request:733 - Processing request of type CallToolRequest
INFO  2026-08-01 17:39:55,272 [MainThread] serena.task_executor:issue_task:217 - Scheduling Task-29:SearchForPatternTool
INFO  2026-08-01 17:39:55,370 [SerenaAgentTaskExecutor] serena.task_executor:_process_task_queue:139 - Starting execution of Task-29:SearchForPatternTool
INFO  2026-08-01 17:39:55,370 [Task-29:SearchForPatternTool] serena.task_executor:start:329 - Task-29:SearchForPatternTool starting ...
INFO  2026-08-01 17:39:55,371 [Task-29:SearchForPatternTool] serena.tools.tools_base:_log_tool_application:279 - search_for_pattern: substring_pattern='how does the walker compute cyclomatic complexity in ComplexityWalker', context_lines_before=0, context_lines_after=0, paths_include_glob='', paths_exclude_glob='', relative_path='.', restrict_search_to_code_files=False, multiline=True, max_answer_chars=-1, session_id='253c6dc0440'; session_id: 253c6dc0440
INFO  2026-08-01 17:39:55,961 [Task-29:SearchForPatternTool] serena.util.text_utils:search_files:319 - Processing 3493 files.
INFO  2026-08-01 17:39:56,811 [Task-29:SearchForPatternTool] serena.util.text_utils:search_files:360 - Found 0 total matches across 3493 files
INFO  2026-08-01 17:39:56,812 [Task-29:SearchForPatternTool] serena.tools.tools_base:task:410 - Result: {}
INFO  2026-08-01 17:39:56,812 [Task-29:SearchForPatternTool] serena.task_executor:stop:336 - Task-29:SearchForPatternTool completed in 1.442 seconds
  serena             E27_walker_cyclomatic            ok hit@None
INFO  2026-08-01 17:39:56,815 [MainThread] mcp.server.lowlevel.server:_handle_request:733 - Processing request of type CallToolRequest
INFO  2026-08-01 17:39:56,815 [MainThread] serena.task_executor:issue_task:217 - Scheduling Task-30:SearchForPatternTool
INFO  2026-08-01 17:39:56,913 [SerenaAgentTaskExecutor] serena.task_executor:_process_task_queue:139 - Starting execution of Task-30:SearchForPatternTool
INFO  2026-08-01 17:39:56,914 [Task-30:SearchForPatternTool] serena.task_executor:start:329 - Task-30:SearchForPatternTool starting ...
INFO  2026-08-01 17:39:56,914 [Task-30:SearchForPatternTool] serena.tools.tools_base:_log_tool_application:279 - search_for_pattern: substring_pattern='what does filter_dicts_by_key do when the key is missing', context_lines_before=0, context_lines_after=0, paths_include_glob='', paths_exclude_glob='', relative_path='.', restrict_search_to_code_files=False, multiline=True, max_answer_chars=-1, session_id='253c6dc0440'; session_id: 253c6dc0440
INFO  2026-08-01 17:39:57,475 [Task-30:SearchForPatternTool] serena.util.text_utils:search_files:319 - Processing 3493 files.
INFO  2026-08-01 17:39:58,278 [Task-30:SearchForPatternTool] serena.util.text_utils:search_files:360 - Found 0 total matches across 3493 files
INFO  2026-08-01 17:39:58,279 [Task-30:SearchForPatternTool] serena.tools.tools_base:task:410 - Result: {}
INFO  2026-08-01 17:39:58,279 [Task-30:SearchForPatternTool] serena.task_executor:stop:336 - Task-30:SearchForPatternTool completed in 1.366 seconds
  serena             E28_filter_dicts_missing_key     ok hit@None
INFO  2026-08-01 17:39:58,282 [MainThread] mcp.server.lowlevel.server:_handle_request:733 - Processing request of type CallToolRequest
INFO  2026-08-01 17:39:58,282 [MainThread] serena.task_executor:issue_task:217 - Scheduling Task-31:SearchForPatternTool
INFO  2026-08-01 17:39:58,381 [SerenaAgentTaskExecutor] serena.task_executor:_process_task_queue:139 - Starting execution of Task-31:SearchForPatternTool
INFO  2026-08-01 17:39:58,381 [Task-31:SearchForPatternTool] serena.task_executor:start:329 - Task-31:SearchForPatternTool starting ...
INFO  2026-08-01 17:39:58,381 [Task-31:SearchForPatternTool] serena.tools.tools_base:_log_tool_application:279 - search_for_pattern: substring_pattern='how does get_symbol heal a drifted row via verify_and_heal', context_lines_before=0, context_lines_after=0, paths_include_glob='', paths_exclude_glob='', relative_path='.', restrict_search_to_code_files=False, multiline=True, max_answer_chars=-1, session_id='253c6dc0440'; session_id: 253c6dc0440
INFO  2026-08-01 17:39:58,943 [Task-31:SearchForPatternTool] serena.util.text_utils:search_files:319 - Processing 3493 files.
INFO  2026-08-01 17:39:59,869 [Task-31:SearchForPatternTool] serena.util.text_utils:search_files:360 - Found 0 total matches across 3493 files
INFO  2026-08-01 17:39:59,871 [Task-31:SearchForPatternTool] serena.tools.tools_base:task:410 - Result: {}
INFO  2026-08-01 17:39:59,871 [Task-31:SearchForPatternTool] serena.task_executor:stop:336 - Task-31:SearchForPatternTool completed in 1.490 seconds
  serena             E29_get_symbol_heal_row          ok hit@None
INFO  2026-08-01 17:39:59,874 [MainThread] mcp.server.lowlevel.server:_handle_request:733 - Processing request of type CallToolRequest
INFO  2026-08-01 17:39:59,874 [MainThread] serena.task_executor:issue_task:217 - Scheduling Task-32:SearchForPatternTool
INFO  2026-08-01 17:39:59,971 [SerenaAgentTaskExecutor] serena.task_executor:_process_task_queue:139 - Starting execution of Task-32:SearchForPatternTool
INFO  2026-08-01 17:39:59,972 [Task-32:SearchForPatternTool] serena.task_executor:start:329 - Task-32:SearchForPatternTool starting ...
INFO  2026-08-01 17:39:59,972 [Task-32:SearchForPatternTool] serena.tools.tools_base:_log_tool_application:279 - search_for_pattern: substring_pattern='How does get_answer decide the confidence level it reports for an answer?', context_lines_before=0, context_lines_after=0, paths_include_glob='', paths_exclude_glob='', relative_path='.', restrict_search_to_code_files=False, multiline=True, max_answer_chars=-1, session_id='253c6dc0440'; session_id: 253c6dc0440
INFO  2026-08-01 17:40:00,613 [Task-32:SearchForPatternTool] serena.util.text_utils:search_files:319 - Processing 3493 files.
INFO  2026-08-01 17:40:01,538 [Task-32:SearchForPatternTool] serena.util.text_utils:search_files:360 - Found 0 total matches across 3493 files
INFO  2026-08-01 17:40:01,540 [Task-32:SearchForPatternTool] serena.tools.tools_base:task:410 - Result: {}
INFO  2026-08-01 17:40:01,540 [Task-32:SearchForPatternTool] serena.task_executor:stop:336 - Task-32:SearchForPatternTool completed in 1.568 seconds
  serena             E30_answer_confidence            ok hit@None
INFO  2026-08-01 17:40:01,543 [MainThread] mcp.server.lowlevel.server:_handle_request:733 - Processing request of type CallToolRequest
INFO  2026-08-01 17:40:01,543 [MainThread] serena.task_executor:issue_task:217 - Scheduling Task-33:SearchForPatternTool
INFO  2026-08-01 17:40:01,641 [SerenaAgentTaskExecutor] serena.task_executor:_process_task_queue:139 - Starting execution of Task-33:SearchForPatternTool
INFO  2026-08-01 17:40:01,642 [Task-33:SearchForPatternTool] serena.task_executor:start:329 - Task-33:SearchForPatternTool starting ...
INFO  2026-08-01 17:40:01,642 [Task-33:SearchForPatternTool] serena.tools.tools_base:_log_tool_application:279 - search_for_pattern: substring_pattern='How does the co-change coupling graph compute the co_change_count between two files?', context_lines_before=0, context_lines_after=0, paths_include_glob='', paths_exclude_glob='', relative_path='.', restrict_search_to_code_files=False, multiline=True, max_answer_chars=-1, session_id='253c6dc0440'; session_id: 253c6dc0440
INFO  2026-08-01 17:40:02,233 [Task-33:SearchForPatternTool] serena.util.text_utils:search_files:319 - Processing 3493 files.
INFO  2026-08-01 17:40:03,059 [Task-33:SearchForPatternTool] serena.util.text_utils:search_files:360 - Found 0 total matches across 3493 files
INFO  2026-08-01 17:40:03,060 [Task-33:SearchForPatternTool] serena.tools.tools_base:task:410 - Result: {}
INFO  2026-08-01 17:40:03,060 [Task-33:SearchForPatternTool] serena.task_executor:stop:336 - Task-33:SearchForPatternTool completed in 1.419 seconds
  serena             E31_co_change_count              ok hit@None
INFO  2026-08-01 17:40:03,064 [MainThread] mcp.server.lowlevel.server:_handle_request:733 - Processing request of type CallToolRequest
INFO  2026-08-01 17:40:03,064 [MainThread] serena.task_executor:issue_task:217 - Scheduling Task-34:SearchForPatternTool
INFO  2026-08-01 17:40:03,162 [SerenaAgentTaskExecutor] serena.task_executor:_process_task_queue:139 - Starting execution of Task-34:SearchForPatternTool
INFO  2026-08-01 17:40:03,162 [Task-34:SearchForPatternTool] serena.task_executor:start:329 - Task-34:SearchForPatternTool starting ...
INFO  2026-08-01 17:40:03,163 [Task-34:SearchForPatternTool] serena.tools.tools_base:_log_tool_application:279 - search_for_pattern: substring_pattern='reconcile_symbols_for_files', context_lines_before=0, context_lines_after=0, paths_include_glob='', paths_exclude_glob='', relative_path='.', restrict_search_to_code_files=False, multiline=True, max_answer_chars=-1, session_id='253c6dc0440'; session_id: 253c6dc0440
INFO  2026-08-01 17:40:03,717 [Task-34:SearchForPatternTool] serena.util.text_utils:search_files:319 - Processing 3493 files.
INFO  2026-08-01 17:40:04,544 [Task-34:SearchForPatternTool] serena.util.text_utils:search_files:360 - Found 8 total matches across 3493 files
INFO  2026-08-01 17:40:04,545 [Task-34:SearchForPatternTool] serena.tools.tools_base:task:410 - Result: {"packages\\core\\src\\repowise\\core\\persistence\\crud\\external_systems.py": ["  > 224:async def reconcile_symbols_for_files("], "packages\\core\\src\\repowise\\core\\persistence\\crud\\graph.py": ["  > 141:    Sibling of :func:`reconcile_symbols_for_files` for the edge table. The"], "packages\\core\\src\\repowise\\core\\pipeline\\persist.py": ["  > 444:    from repowise.core.persistence.crud import reconcile_symbols_for_files", "  > 449:    await reconcile_symbols_for_files(session, repo_id, reconcile_paths, symbols)"], "tests\\unit\\persistence\\test_incremental_symbol_persist.py": ["  >  66:    from repowise.core.persistence.crud import reconcile_symbols_for_files", "  >  87:    pruned = await reconcile_symbols_for_files(async_session, repo.id, [\"m.py\"], syms)"], "tests\\unit\\server\\mcp\\test_mechanism_question.py": ["  >  41:    \"which file defines reconcile_symbols_for_files\",", "  >  42:    \"reconcile_symbols_for_files\",                  # bare identifier"]}
INFO  2026-08-01 17:40:04,546 [Task-34:SearchForPatternTool] serena.task_executor:stop:336 - Task-34:SearchForPatternTool completed in 1.383 seconds
  serena             E32_reconcile_symbols            ok hit@None
INFO  2026-08-01 17:40:04,549 [MainThread] mcp.server.lowlevel.server:_handle_request:733 - Processing request of type CallToolRequest
INFO  2026-08-01 17:40:04,549 [MainThread] serena.task_executor:issue_task:217 - Scheduling Task-35:SearchForPatternTool
INFO  2026-08-01 17:40:04,647 [SerenaAgentTaskExecutor] serena.task_executor:_process_task_queue:139 - Starting execution of Task-35:SearchForPatternTool
INFO  2026-08-01 17:40:04,647 [Task-35:SearchForPatternTool] serena.task_executor:start:329 - Task-35:SearchForPatternTool starting ...
INFO  2026-08-01 17:40:04,648 [Task-35:SearchForPatternTool] serena.tools.tools_base:_log_tool_application:279 - search_for_pattern: substring_pattern='How does get_why surface architectural decision rationale with supporting evidence?', context_lines_before=0, context_lines_after=0, paths_include_glob='', paths_exclude_glob='', relative_path='.', restrict_search_to_code_files=False, multiline=True, max_answer_chars=-1, session_id='253c6dc0440'; session_id: 253c6dc0440
INFO  2026-08-01 17:40:05,209 [Task-35:SearchForPatternTool] serena.util.text_utils:search_files:319 - Processing 3493 files.
INFO  2026-08-01 17:40:06,035 [Task-35:SearchForPatternTool] serena.util.text_utils:search_files:360 - Found 0 total matches across 3493 files
INFO  2026-08-01 17:40:06,036 [Task-35:SearchForPatternTool] serena.tools.tools_base:task:410 - Result: {}
INFO  2026-08-01 17:40:06,036 [Task-35:SearchForPatternTool] serena.task_executor:stop:336 - Task-35:SearchForPatternTool completed in 1.389 seconds
  serena             E33_get_why_rationale            ok hit@None
INFO  2026-08-01 17:40:06,039 [MainThread] mcp.server.lowlevel.server:_handle_request:733 - Processing request of type CallToolRequest
INFO  2026-08-01 17:40:06,039 [MainThread] serena.task_executor:issue_task:217 - Scheduling Task-36:SearchForPatternTool
INFO  2026-08-01 17:40:06,137 [SerenaAgentTaskExecutor] serena.task_executor:_process_task_queue:139 - Starting execution of Task-36:SearchForPatternTool
INFO  2026-08-01 17:40:06,138 [Task-36:SearchForPatternTool] serena.task_executor:start:329 - Task-36:SearchForPatternTool starting ...
INFO  2026-08-01 17:40:06,138 [Task-36:SearchForPatternTool] serena.tools.tools_base:_log_tool_application:279 - search_for_pattern: substring_pattern='How does get_answer fall back to best_guesses when confidence is low?', context_lines_before=0, context_lines_after=0, paths_include_glob='', paths_exclude_glob='', relative_path='.', restrict_search_to_code_files=False, multiline=True, max_answer_chars=-1, session_id='253c6dc0440'; session_id: 253c6dc0440
INFO  2026-08-01 17:40:06,725 [Task-36:SearchForPatternTool] serena.util.text_utils:search_files:319 - Processing 3493 files.
INFO  2026-08-01 17:40:07,614 [Task-36:SearchForPatternTool] serena.util.text_utils:search_files:360 - Found 0 total matches across 3493 files
INFO  2026-08-01 17:40:07,615 [Task-36:SearchForPatternTool] serena.tools.tools_base:task:410 - Result: {}
INFO  2026-08-01 17:40:07,615 [Task-36:SearchForPatternTool] serena.task_executor:stop:336 - Task-36:SearchForPatternTool completed in 1.477 seconds
  serena             E34_best_guesses_fallback        ok hit@None
INFO  2026-08-01 17:40:07,618 [MainThread] mcp.server.lowlevel.server:_handle_request:733 - Processing request of type CallToolRequest
INFO  2026-08-01 17:40:07,618 [MainThread] serena.task_executor:issue_task:217 - Scheduling Task-37:SearchForPatternTool
INFO  2026-08-01 17:40:07,717 [SerenaAgentTaskExecutor] serena.task_executor:_process_task_queue:139 - Starting execution of Task-37:SearchForPatternTool
INFO  2026-08-01 17:40:07,717 [Task-37:SearchForPatternTool] serena.task_executor:start:329 - Task-37:SearchForPatternTool starting ...
INFO  2026-08-01 17:40:07,718 [Task-37:SearchForPatternTool] serena.tools.tools_base:_log_tool_application:279 - search_for_pattern: substring_pattern='how does _has_exact_symbol decide whether a returned symbol is an exact match', context_lines_before=0, context_lines_after=0, paths_include_glob='', paths_exclude_glob='', relative_path='.', restrict_search_to_code_files=False, multiline=True, max_answer_chars=-1, session_id='253c6dc0440'; session_id: 253c6dc0440
INFO  2026-08-01 17:40:08,290 [Task-37:SearchForPatternTool] serena.util.text_utils:search_files:319 - Processing 3493 files.
INFO  2026-08-01 17:40:09,101 [Task-37:SearchForPatternTool] serena.util.text_utils:search_files:360 - Found 0 total matches across 3493 files
INFO  2026-08-01 17:40:09,102 [Task-37:SearchForPatternTool] serena.tools.tools_base:task:410 - Result: {}
INFO  2026-08-01 17:40:09,102 [Task-37:SearchForPatternTool] serena.task_executor:stop:336 - Task-37:SearchForPatternTool completed in 1.385 seconds
  serena             E35_has_exact_symbol             ok hit@None
INFO  2026-08-01 17:40:09,104 [MainThread] mcp.server.lowlevel.server:_handle_request:733 - Processing request of type CallToolRequest
INFO  2026-08-01 17:40:09,105 [MainThread] serena.task_executor:issue_task:217 - Scheduling Task-38:SearchForPatternTool
INFO  2026-08-01 17:40:09,203 [SerenaAgentTaskExecutor] serena.task_executor:_process_task_queue:139 - Starting execution of Task-38:SearchForPatternTool
INFO  2026-08-01 17:40:09,204 [Task-38:SearchForPatternTool] serena.task_executor:start:329 - Task-38:SearchForPatternTool starting ...
INFO  2026-08-01 17:40:09,204 [Task-38:SearchForPatternTool] serena.tools.tools_base:_log_tool_application:279 - search_for_pattern: substring_pattern='how does the hydrator route an unrelocatable union definition to a get_symbol pointer instead of inlining it', context_lines_before=0, context_lines_after=0, paths_include_glob='', paths_exclude_glob='', relative_path='.', restrict_search_to_code_files=False, multiline=True, max_answer_chars=-1, session_id='253c6dc0440'; session_id: 253c6dc0440
INFO  2026-08-01 17:40:09,767 [Task-38:SearchForPatternTool] serena.util.text_utils:search_files:319 - Processing 3493 files.
INFO  2026-08-01 17:40:10,585 [Task-38:SearchForPatternTool] serena.util.text_utils:search_files:360 - Found 0 total matches across 3493 files
INFO  2026-08-01 17:40:10,586 [Task-38:SearchForPatternTool] serena.tools.tools_base:task:410 - Result: {}
INFO  2026-08-01 17:40:10,586 [Task-38:SearchForPatternTool] serena.task_executor:stop:336 - Task-38:SearchForPatternTool completed in 1.382 seconds
  serena             E36_union_pointer_route          ok hit@None
INFO  2026-08-01 17:40:10,589 [MainThread] mcp.server.lowlevel.server:_handle_request:733 - Processing request of type CallToolRequest
INFO  2026-08-01 17:40:10,589 [MainThread] serena.task_executor:issue_task:217 - Scheduling Task-39:SearchForPatternTool
INFO  2026-08-01 17:40:10,688 [SerenaAgentTaskExecutor] serena.task_executor:_process_task_queue:139 - Starting execution of Task-39:SearchForPatternTool
INFO  2026-08-01 17:40:10,688 [Task-39:SearchForPatternTool] serena.task_executor:start:329 - Task-39:SearchForPatternTool starting ...
INFO  2026-08-01 17:40:10,688 [Task-39:SearchForPatternTool] serena.tools.tools_base:_log_tool_application:279 - search_for_pattern: substring_pattern='How does the ingestion phase parse files in parallel using a process pool during repowise init?', context_lines_before=0, context_lines_after=0, paths_include_glob='', paths_exclude_glob='', relative_path='.', restrict_search_to_code_files=False, multiline=True, max_answer_chars=-1, session_id='253c6dc0440'; session_id: 253c6dc0440
INFO  2026-08-01 17:40:11,246 [Task-39:SearchForPatternTool] serena.util.text_utils:search_files:319 - Processing 3493 files.
INFO  2026-08-01 17:40:12,059 [Task-39:SearchForPatternTool] serena.util.text_utils:search_files:360 - Found 0 total matches across 3493 files
INFO  2026-08-01 17:40:12,060 [Task-39:SearchForPatternTool] serena.tools.tools_base:task:410 - Result: {}
INFO  2026-08-01 17:40:12,060 [Task-39:SearchForPatternTool] serena.task_executor:stop:336 - Task-39:SearchForPatternTool completed in 1.372 seconds
  serena             E38_parallel_ingestion_parse     ok hit@None
INFO  2026-08-01 17:40:12,063 [MainThread] mcp.server.lowlevel.server:_handle_request:733 - Processing request of type CallToolRequest
INFO  2026-08-01 17:40:12,063 [MainThread] serena.task_executor:issue_task:217 - Scheduling Task-40:SearchForPatternTool
INFO  2026-08-01 17:40:12,162 [SerenaAgentTaskExecutor] serena.task_executor:_process_task_queue:139 - Starting execution of Task-40:SearchForPatternTool
INFO  2026-08-01 17:40:12,162 [Task-40:SearchForPatternTool] serena.task_executor:start:329 - Task-40:SearchForPatternTool starting ...
INFO  2026-08-01 17:40:12,162 [Task-40:SearchForPatternTool] serena.tools.tools_base:_log_tool_application:279 - search_for_pattern: substring_pattern='where is _ImportEdgeView defined and what does it adapt', context_lines_before=0, context_lines_after=0, paths_include_glob='', paths_exclude_glob='', relative_path='.', restrict_search_to_code_files=False, multiline=True, max_answer_chars=-1, session_id='253c6dc0440'; session_id: 253c6dc0440
INFO  2026-08-01 17:40:12,717 [Task-40:SearchForPatternTool] serena.util.text_utils:search_files:319 - Processing 3493 files.
INFO  2026-08-01 17:40:13,555 [Task-40:SearchForPatternTool] serena.util.text_utils:search_files:360 - Found 0 total matches across 3493 files
INFO  2026-08-01 17:40:13,556 [Task-40:SearchForPatternTool] serena.tools.tools_base:task:410 - Result: {}
INFO  2026-08-01 17:40:13,556 [Task-40:SearchForPatternTool] serena.task_executor:stop:336 - Task-40:SearchForPatternTool completed in 1.394 seconds
  serena             E39_import_edge_view             ok hit@None
INFO  2026-08-01 17:40:13,559 [MainThread] mcp.server.lowlevel.server:_handle_request:733 - Processing request of type CallToolRequest
INFO  2026-08-01 17:40:13,559 [MainThread] serena.task_executor:issue_task:217 - Scheduling Task-41:SearchForPatternTool
INFO  2026-08-01 17:40:13,657 [SerenaAgentTaskExecutor] serena.task_executor:_process_task_queue:139 - Starting execution of Task-41:SearchForPatternTool
INFO  2026-08-01 17:40:13,658 [Task-41:SearchForPatternTool] serena.task_executor:start:329 - Task-41:SearchForPatternTool starting ...
INFO  2026-08-01 17:40:13,658 [Task-41:SearchForPatternTool] serena.tools.tools_base:_log_tool_application:279 - search_for_pattern: substring_pattern='where is AgentProvenanceClassifier defined and what does it classify', context_lines_before=0, context_lines_after=0, paths_include_glob='', paths_exclude_glob='', relative_path='.', restrict_search_to_code_files=False, multiline=True, max_answer_chars=-1, session_id='253c6dc0440'; session_id: 253c6dc0440
INFO  2026-08-01 17:40:14,205 [Task-41:SearchForPatternTool] serena.util.text_utils:search_files:319 - Processing 3493 files.
INFO  2026-08-01 17:40:15,027 [Task-41:SearchForPatternTool] serena.util.text_utils:search_files:360 - Found 0 total matches across 3493 files
INFO  2026-08-01 17:40:15,028 [Task-41:SearchForPatternTool] serena.tools.tools_base:task:410 - Result: {}
INFO  2026-08-01 17:40:15,028 [Task-41:SearchForPatternTool] serena.task_executor:stop:336 - Task-41:SearchForPatternTool completed in 1.370 seconds
  serena             E40_agent_provenance_classifier  ok hit@None
INFO  2026-08-01 17:40:15,031 [MainThread] mcp.server.lowlevel.server:_handle_request:733 - Processing request of type CallToolRequest
INFO  2026-08-01 17:40:15,031 [MainThread] serena.task_executor:issue_task:217 - Scheduling Task-42:SearchForPatternTool
INFO  2026-08-01 17:40:15,130 [SerenaAgentTaskExecutor] serena.task_executor:_process_task_queue:139 - Starting execution of Task-42:SearchForPatternTool
INFO  2026-08-01 17:40:15,130 [Task-42:SearchForPatternTool] serena.task_executor:start:329 - Task-42:SearchForPatternTool starting ...
INFO  2026-08-01 17:40:15,130 [Task-42:SearchForPatternTool] serena.tools.tools_base:_log_tool_application:279 - search_for_pattern: substring_pattern='where is compute_co_changes_and_entropy defined', context_lines_before=0, context_lines_after=0, paths_include_glob='', paths_exclude_glob='', relative_path='.', restrict_search_to_code_files=False, multiline=True, max_answer_chars=-1, session_id='253c6dc0440'; session_id: 253c6dc0440
INFO  2026-08-01 17:40:15,679 [Task-42:SearchForPatternTool] serena.util.text_utils:search_files:319 - Processing 3493 files.
INFO  2026-08-01 17:40:16,585 [Task-42:SearchForPatternTool] serena.util.text_utils:search_files:360 - Found 0 total matches across 3493 files
INFO  2026-08-01 17:40:16,586 [Task-42:SearchForPatternTool] serena.tools.tools_base:task:410 - Result: {}
INFO  2026-08-01 17:40:16,586 [Task-42:SearchForPatternTool] serena.task_executor:stop:336 - Task-42:SearchForPatternTool completed in 1.456 seconds
  serena             E41_co_change_entropy_def        ok hit@None
INFO  2026-08-01 17:40:16,589 [MainThread] mcp.server.lowlevel.server:_handle_request:733 - Processing request of type CallToolRequest
INFO  2026-08-01 17:40:16,590 [MainThread] serena.task_executor:issue_task:217 - Scheduling Task-43:SearchForPatternTool
INFO  2026-08-01 17:40:16,688 [SerenaAgentTaskExecutor] serena.task_executor:_process_task_queue:139 - Starting execution of Task-43:SearchForPatternTool
INFO  2026-08-01 17:40:16,689 [Task-43:SearchForPatternTool] serena.task_executor:start:329 - Task-43:SearchForPatternTool starting ...
INFO  2026-08-01 17:40:16,689 [Task-43:SearchForPatternTool] serena.tools.tools_base:_log_tool_application:279 - search_for_pattern: substring_pattern='where is build_fix_events defined and what does it produce', context_lines_before=0, context_lines_after=0, paths_include_glob='', paths_exclude_glob='', relative_path='.', restrict_search_to_code_files=False, multiline=True, max_answer_chars=-1, session_id='253c6dc0440'; session_id: 253c6dc0440
INFO  2026-08-01 17:40:17,276 [Task-43:SearchForPatternTool] serena.util.text_utils:search_files:319 - Processing 3493 files.
INFO  2026-08-01 17:40:18,093 [Task-43:SearchForPatternTool] serena.util.text_utils:search_files:360 - Found 0 total matches across 3493 files
INFO  2026-08-01 17:40:18,094 [Task-43:SearchForPatternTool] serena.tools.tools_base:task:410 - Result: {}
INFO  2026-08-01 17:40:18,094 [Task-43:SearchForPatternTool] serena.task_executor:stop:336 - Task-43:SearchForPatternTool completed in 1.405 seconds
  serena             E42_build_fix_events_def         ok hit@None
INFO  2026-08-01 17:40:18,097 [MainThread] mcp.server.lowlevel.server:_handle_request:733 - Processing request of type CallToolRequest
INFO  2026-08-01 17:40:18,097 [MainThread] serena.task_executor:issue_task:217 - Scheduling Task-44:SearchForPatternTool
INFO  2026-08-01 17:40:18,196 [SerenaAgentTaskExecutor] serena.task_executor:_process_task_queue:139 - Starting execution of Task-44:SearchForPatternTool
INFO  2026-08-01 17:40:18,196 [Task-44:SearchForPatternTool] serena.task_executor:start:329 - Task-44:SearchForPatternTool starting ...
INFO  2026-08-01 17:40:18,197 [Task-44:SearchForPatternTool] serena.tools.tools_base:_log_tool_application:279 - search_for_pattern: substring_pattern='where is the CallResolver class defined', context_lines_before=0, context_lines_after=0, paths_include_glob='', paths_exclude_glob='', relative_path='.', restrict_search_to_code_files=False, multiline=True, max_answer_chars=-1, session_id='253c6dc0440'; session_id: 253c6dc0440
INFO  2026-08-01 17:40:18,752 [Task-44:SearchForPatternTool] serena.util.text_utils:search_files:319 - Processing 3493 files.
INFO  2026-08-01 17:40:19,589 [Task-44:SearchForPatternTool] serena.util.text_utils:search_files:360 - Found 0 total matches across 3493 files
INFO  2026-08-01 17:40:19,589 [Task-44:SearchForPatternTool] serena.tools.tools_base:task:410 - Result: {}
INFO  2026-08-01 17:40:19,590 [Task-44:SearchForPatternTool] serena.task_executor:stop:336 - Task-44:SearchForPatternTool completed in 1.393 seconds
  serena             E43_call_resolver_def            ok hit@None
INFO  2026-08-01 17:40:19,593 [MainThread] mcp.server.lowlevel.server:_handle_request:733 - Processing request of type CallToolRequest
INFO  2026-08-01 17:40:19,593 [MainThread] serena.task_executor:issue_task:217 - Scheduling Task-45:SearchForPatternTool
INFO  2026-08-01 17:40:19,691 [SerenaAgentTaskExecutor] serena.task_executor:_process_task_queue:139 - Starting execution of Task-45:SearchForPatternTool
INFO  2026-08-01 17:40:19,692 [Task-45:SearchForPatternTool] serena.task_executor:start:329 - Task-45:SearchForPatternTool starting ...
INFO  2026-08-01 17:40:19,692 [Task-45:SearchForPatternTool] serena.tools.tools_base:_log_tool_application:279 - search_for_pattern: substring_pattern='How does ChangeDetector compute the adaptive docs budget from the changed files?', context_lines_before=0, context_lines_after=0, paths_include_glob='', paths_exclude_glob='', relative_path='.', restrict_search_to_code_files=False, multiline=True, max_answer_chars=-1, session_id='253c6dc0440'; session_id: 253c6dc0440
INFO  2026-08-01 17:40:20,303 [Task-45:SearchForPatternTool] serena.util.text_utils:search_files:319 - Processing 3493 files.
INFO  2026-08-01 17:40:21,160 [Task-45:SearchForPatternTool] serena.util.text_utils:search_files:360 - Found 0 total matches across 3493 files
INFO  2026-08-01 17:40:21,161 [Task-45:SearchForPatternTool] serena.tools.tools_base:task:410 - Result: {}
INFO  2026-08-01 17:40:21,161 [Task-45:SearchForPatternTool] serena.task_executor:stop:336 - Task-45:SearchForPatternTool completed in 1.469 seconds
  serena             E44_change_detector_adaptive_budget ok hit@None
INFO  2026-08-01 17:40:21,164 [MainThread] mcp.server.lowlevel.server:_handle_request:733 - Processing request of type CallToolRequest
INFO  2026-08-01 17:40:21,164 [MainThread] serena.task_executor:issue_task:217 - Scheduling Task-46:SearchForPatternTool
INFO  2026-08-01 17:40:21,261 [SerenaAgentTaskExecutor] serena.task_executor:_process_task_queue:139 - Starting execution of Task-46:SearchForPatternTool
INFO  2026-08-01 17:40:21,262 [Task-46:SearchForPatternTool] serena.task_executor:start:329 - Task-46:SearchForPatternTool starting ...
INFO  2026-08-01 17:40:21,262 [Task-46:SearchForPatternTool] serena.tools.tools_base:_log_tool_application:279 - search_for_pattern: substring_pattern='How does the pipeline checkpoint and resume its phases across a restart?', context_lines_before=0, context_lines_after=0, paths_include_glob='', paths_exclude_glob='', relative_path='.', restrict_search_to_code_files=False, multiline=True, max_answer_chars=-1, session_id='253c6dc0440'; session_id: 253c6dc0440
INFO  2026-08-01 17:40:21,884 [Task-46:SearchForPatternTool] serena.util.text_utils:search_files:319 - Processing 3493 files.
INFO  2026-08-01 17:40:22,776 [Task-46:SearchForPatternTool] serena.util.text_utils:search_files:360 - Found 0 total matches across 3493 files
INFO  2026-08-01 17:40:22,778 [Task-46:SearchForPatternTool] serena.tools.tools_base:task:410 - Result: {}
INFO  2026-08-01 17:40:22,778 [Task-46:SearchForPatternTool] serena.task_executor:stop:336 - Task-46:SearchForPatternTool completed in 1.516 seconds
  serena             E45_pipeline_checkpoint_resume   ok hit@None
INFO  2026-08-01 17:40:22,782 [MainThread] mcp.server.lowlevel.server:_handle_request:733 - Processing request of type CallToolRequest
INFO  2026-08-01 17:40:22,782 [MainThread] serena.task_executor:issue_task:217 - Scheduling Task-47:SearchForPatternTool
INFO  2026-08-01 17:40:22,880 [SerenaAgentTaskExecutor] serena.task_executor:_process_task_queue:139 - Starting execution of Task-47:SearchForPatternTool
INFO  2026-08-01 17:40:22,880 [Task-47:SearchForPatternTool] serena.task_executor:start:329 - Task-47:SearchForPatternTool starting ...
INFO  2026-08-01 17:40:22,880 [Task-47:SearchForPatternTool] serena.tools.tools_base:_log_tool_application:279 - search_for_pattern: substring_pattern='where is scan_missed_savings defined and what does it scan', context_lines_before=0, context_lines_after=0, paths_include_glob='', paths_exclude_glob='', relative_path='.', restrict_search_to_code_files=False, multiline=True, max_answer_chars=-1, session_id='253c6dc0440'; session_id: 253c6dc0440
INFO  2026-08-01 17:40:23,463 [Task-47:SearchForPatternTool] serena.util.text_utils:search_files:319 - Processing 3493 files.
INFO  2026-08-01 17:40:24,338 [Task-47:SearchForPatternTool] serena.util.text_utils:search_files:360 - Found 0 total matches across 3493 files
INFO  2026-08-01 17:40:24,339 [Task-47:SearchForPatternTool] serena.tools.tools_base:task:410 - Result: {}
INFO  2026-08-01 17:40:24,339 [Task-47:SearchForPatternTool] serena.task_executor:stop:336 - Task-47:SearchForPatternTool completed in 1.459 seconds
  serena             E46_scan_missed_savings          ok hit@None
INFO  2026-08-01 17:40:24,342 [MainThread] mcp.server.lowlevel.server:_handle_request:733 - Processing request of type CallToolRequest
INFO  2026-08-01 17:40:24,342 [MainThread] serena.task_executor:issue_task:217 - Scheduling Task-48:SearchForPatternTool
INFO  2026-08-01 17:40:24,441 [SerenaAgentTaskExecutor] serena.task_executor:_process_task_queue:139 - Starting execution of Task-48:SearchForPatternTool
INFO  2026-08-01 17:40:24,441 [Task-48:SearchForPatternTool] serena.task_executor:start:329 - Task-48:SearchForPatternTool starting ...
INFO  2026-08-01 17:40:24,441 [Task-48:SearchForPatternTool] serena.tools.tools_base:_log_tool_application:279 - search_for_pattern: substring_pattern='How does get_symbol resolve an omission ref like repowise#<hex> back to a symbol?', context_lines_before=0, context_lines_after=0, paths_include_glob='', paths_exclude_glob='', relative_path='.', restrict_search_to_code_files=False, multiline=True, max_answer_chars=-1, session_id='253c6dc0440'; session_id: 253c6dc0440
INFO  2026-08-01 17:40:25,010 [Task-48:SearchForPatternTool] serena.util.text_utils:search_files:319 - Processing 3493 files.
INFO  2026-08-01 17:40:25,838 [Task-48:SearchForPatternTool] serena.util.text_utils:search_files:360 - Found 0 total matches across 3493 files
INFO  2026-08-01 17:40:25,839 [Task-48:SearchForPatternTool] serena.tools.tools_base:task:410 - Result: {}
INFO  2026-08-01 17:40:25,839 [Task-48:SearchForPatternTool] serena.task_executor:stop:336 - Task-48:SearchForPatternTool completed in 1.398 seconds
  serena             E47_get_symbol_omission_ref      ok hit@None
INFO  2026-08-01 17:40:25,842 [MainThread] mcp.server.lowlevel.server:_handle_request:733 - Processing request of type CallToolRequest
INFO  2026-08-01 17:40:25,842 [MainThread] serena.task_executor:issue_task:217 - Scheduling Task-49:SearchForPatternTool
INFO  2026-08-01 17:40:25,940 [SerenaAgentTaskExecutor] serena.task_executor:_process_task_queue:139 - Starting execution of Task-49:SearchForPatternTool
INFO  2026-08-01 17:40:25,940 [Task-49:SearchForPatternTool] serena.task_executor:start:329 - Task-49:SearchForPatternTool starting ...
INFO  2026-08-01 17:40:25,940 [Task-49:SearchForPatternTool] serena.tools.tools_base:_log_tool_application:279 - search_for_pattern: substring_pattern='How does get_symbol fall back to a live grep when a symbol is not indexed?', context_lines_before=0, context_lines_after=0, paths_include_glob='', paths_exclude_glob='', relative_path='.', restrict_search_to_code_files=False, multiline=True, max_answer_chars=-1, session_id='253c6dc0440'; session_id: 253c6dc0440
INFO  2026-08-01 17:40:26,497 [Task-49:SearchForPatternTool] serena.util.text_utils:search_files:319 - Processing 3493 files.
INFO  2026-08-01 17:40:27,386 [Task-49:SearchForPatternTool] serena.util.text_utils:search_files:360 - Found 0 total matches across 3493 files
INFO  2026-08-01 17:40:27,388 [Task-49:SearchForPatternTool] serena.tools.tools_base:task:410 - Result: {}
INFO  2026-08-01 17:40:27,388 [Task-49:SearchForPatternTool] serena.task_executor:stop:336 - Task-49:SearchForPatternTool completed in 1.447 seconds
  serena             E48_get_symbol_live_grep_fallback ok hit@None
INFO  2026-08-01 17:40:27,391 [MainThread] mcp.server.lowlevel.server:_handle_request:733 - Processing request of type CallToolRequest
INFO  2026-08-01 17:40:27,391 [MainThread] serena.task_executor:issue_task:217 - Scheduling Task-50:SearchForPatternTool
INFO  2026-08-01 17:40:27,488 [SerenaAgentTaskExecutor] serena.task_executor:_process_task_queue:139 - Starting execution of Task-50:SearchForPatternTool
INFO  2026-08-01 17:40:27,489 [Task-50:SearchForPatternTool] serena.task_executor:start:329 - Task-50:SearchForPatternTool starting ...
INFO  2026-08-01 17:40:27,489 [Task-50:SearchForPatternTool] serena.tools.tools_base:_log_tool_application:279 - search_for_pattern: substring_pattern='where is the DeadCodeAnalyzer class defined', context_lines_before=0, context_lines_after=0, paths_include_glob='', paths_exclude_glob='', relative_path='.', restrict_search_to_code_files=False, multiline=True, max_answer_chars=-1, session_id='253c6dc0440'; session_id: 253c6dc0440
INFO  2026-08-01 17:40:28,077 [Task-50:SearchForPatternTool] serena.util.text_utils:search_files:319 - Processing 3493 files.
INFO  2026-08-01 17:40:28,972 [Task-50:SearchForPatternTool] serena.util.text_utils:search_files:360 - Found 0 total matches across 3493 files
INFO  2026-08-01 17:40:28,974 [Task-50:SearchForPatternTool] serena.tools.tools_base:task:410 - Result: {}
INFO  2026-08-01 17:40:28,974 [Task-50:SearchForPatternTool] serena.task_executor:stop:336 - Task-50:SearchForPatternTool completed in 1.486 seconds
  serena             E49_dead_code_analyzer_class     ok hit@None
INFO  2026-08-01 17:40:28,977 [MainThread] mcp.server.lowlevel.server:_handle_request:733 - Processing request of type CallToolRequest
INFO  2026-08-01 17:40:28,978 [MainThread] serena.task_executor:issue_task:217 - Scheduling Task-51:SearchForPatternTool
INFO  2026-08-01 17:40:29,075 [SerenaAgentTaskExecutor] serena.task_executor:_process_task_queue:139 - Starting execution of Task-51:SearchForPatternTool
INFO  2026-08-01 17:40:29,075 [Task-51:SearchForPatternTool] serena.task_executor:start:329 - Task-51:SearchForPatternTool starting ...
INFO  2026-08-01 17:40:29,075 [Task-51:SearchForPatternTool] serena.tools.tools_base:_log_tool_application:279 - search_for_pattern: substring_pattern='How does get_dead_code roll up findings by owner and by directory?', context_lines_before=0, context_lines_after=0, paths_include_glob='', paths_exclude_glob='', relative_path='.', restrict_search_to_code_files=False, multiline=True, max_answer_chars=-1, session_id='253c6dc0440'; session_id: 253c6dc0440
INFO  2026-08-01 17:40:29,721 [Task-51:SearchForPatternTool] serena.util.text_utils:search_files:319 - Processing 3493 files.
INFO  2026-08-01 17:40:30,549 [Task-51:SearchForPatternTool] serena.util.text_utils:search_files:360 - Found 0 total matches across 3493 files
INFO  2026-08-01 17:40:30,550 [Task-51:SearchForPatternTool] serena.tools.tools_base:task:410 - Result: {}
INFO  2026-08-01 17:40:30,550 [Task-51:SearchForPatternTool] serena.task_executor:stop:336 - Task-51:SearchForPatternTool completed in 1.475 seconds
  serena             E50_dead_code_rollup             ok hit@None
INFO  2026-08-01 17:40:30,553 [MainThread] mcp.server.lowlevel.server:_handle_request:733 - Processing request of type CallToolRequest
INFO  2026-08-01 17:40:30,553 [MainThread] serena.task_executor:issue_task:217 - Scheduling Task-52:SearchForPatternTool
INFO  2026-08-01 17:40:30,652 [SerenaAgentTaskExecutor] serena.task_executor:_process_task_queue:139 - Starting execution of Task-52:SearchForPatternTool
INFO  2026-08-01 17:40:30,653 [Task-52:SearchForPatternTool] serena.task_executor:start:329 - Task-52:SearchForPatternTool starting ...
INFO  2026-08-01 17:40:30,653 [Task-52:SearchForPatternTool] serena.tools.tools_base:_log_tool_application:279 - search_for_pattern: substring_pattern='where is build_import_name_maps defined and what does ImportNameMaps hold', context_lines_before=0, context_lines_after=0, paths_include_glob='', paths_exclude_glob='', relative_path='.', restrict_search_to_code_files=False, multiline=True, max_answer_chars=-1, session_id='253c6dc0440'; session_id: 253c6dc0440
INFO  2026-08-01 17:40:31,241 [Task-52:SearchForPatternTool] serena.util.text_utils:search_files:319 - Processing 3493 files.
INFO  2026-08-01 17:40:32,057 [Task-52:SearchForPatternTool] serena.util.text_utils:search_files:360 - Found 0 total matches across 3493 files
INFO  2026-08-01 17:40:32,058 [Task-52:SearchForPatternTool] serena.tools.tools_base:task:410 - Result: {}
INFO  2026-08-01 17:40:32,058 [Task-52:SearchForPatternTool] serena.task_executor:stop:336 - Task-52:SearchForPatternTool completed in 1.406 seconds
  serena             E51_import_name_maps             ok hit@None
INFO  2026-08-01 17:40:32,062 [MainThread] mcp.server.lowlevel.server:_handle_request:733 - Processing request of type CallToolRequest
INFO  2026-08-01 17:40:32,062 [MainThread] serena.task_executor:issue_task:217 - Scheduling Task-53:SearchForPatternTool
INFO  2026-08-01 17:40:32,160 [SerenaAgentTaskExecutor] serena.task_executor:_process_task_queue:139 - Starting execution of Task-53:SearchForPatternTool
INFO  2026-08-01 17:40:32,161 [Task-53:SearchForPatternTool] serena.task_executor:start:329 - Task-53:SearchForPatternTool starting ...
INFO  2026-08-01 17:40:32,161 [Task-53:SearchForPatternTool] serena.tools.tools_base:_log_tool_application:279 - search_for_pattern: substring_pattern='where is the CouplingGraph class defined', context_lines_before=0, context_lines_after=0, paths_include_glob='', paths_exclude_glob='', relative_path='.', restrict_search_to_code_files=False, multiline=True, max_answer_chars=-1, session_id='253c6dc0440'; session_id: 253c6dc0440
INFO  2026-08-01 17:40:32,716 [Task-53:SearchForPatternTool] serena.util.text_utils:search_files:319 - Processing 3493 files.
INFO  2026-08-01 17:40:33,549 [Task-53:SearchForPatternTool] serena.util.text_utils:search_files:360 - Found 0 total matches across 3493 files
INFO  2026-08-01 17:40:33,550 [Task-53:SearchForPatternTool] serena.tools.tools_base:task:410 - Result: {}
INFO  2026-08-01 17:40:33,550 [Task-53:SearchForPatternTool] serena.task_executor:stop:336 - Task-53:SearchForPatternTool completed in 1.390 seconds
  serena             E52_coupling_graph_class         ok hit@None
INFO  2026-08-01 17:40:33,553 [MainThread] mcp.server.lowlevel.server:_handle_request:733 - Processing request of type CallToolRequest
INFO  2026-08-01 17:40:33,554 [MainThread] serena.task_executor:issue_task:217 - Scheduling Task-54:SearchForPatternTool
INFO  2026-08-01 17:40:33,651 [SerenaAgentTaskExecutor] serena.task_executor:_process_task_queue:139 - Starting execution of Task-54:SearchForPatternTool
INFO  2026-08-01 17:40:33,652 [Task-54:SearchForPatternTool] serena.task_executor:start:329 - Task-54:SearchForPatternTool starting ...
INFO  2026-08-01 17:40:33,652 [Task-54:SearchForPatternTool] serena.tools.tools_base:_log_tool_application:279 - search_for_pattern: substring_pattern='How does detect_worktree_base figure out the base repo of a linked git worktree?', context_lines_before=0, context_lines_after=0, paths_include_glob='', paths_exclude_glob='', relative_path='.', restrict_search_to_code_files=False, multiline=True, max_answer_chars=-1, session_id='253c6dc0440'; session_id: 253c6dc0440
INFO  2026-08-01 17:40:34,216 [Task-54:SearchForPatternTool] serena.util.text_utils:search_files:319 - Processing 3493 files.
INFO  2026-08-01 17:40:35,038 [Task-54:SearchForPatternTool] serena.util.text_utils:search_files:360 - Found 0 total matches across 3493 files
INFO  2026-08-01 17:40:35,039 [Task-54:SearchForPatternTool] serena.tools.tools_base:task:410 - Result: {}
INFO  2026-08-01 17:40:35,039 [Task-54:SearchForPatternTool] serena.task_executor:stop:336 - Task-54:SearchForPatternTool completed in 1.387 seconds
  serena             E53_detect_worktree_base         ok hit@None
INFO  2026-08-01 17:40:35,042 [MainThread] mcp.server.lowlevel.server:_handle_request:733 - Processing request of type CallToolRequest
INFO  2026-08-01 17:40:35,042 [MainThread] serena.task_executor:issue_task:217 - Scheduling Task-55:SearchForPatternTool
INFO  2026-08-01 17:40:35,140 [SerenaAgentTaskExecutor] serena.task_executor:_process_task_queue:139 - Starting execution of Task-55:SearchForPatternTool
INFO  2026-08-01 17:40:35,141 [Task-55:SearchForPatternTool] serena.task_executor:start:329 - Task-55:SearchForPatternTool starting ...
INFO  2026-08-01 17:40:35,141 [Task-55:SearchForPatternTool] serena.tools.tools_base:_log_tool_application:279 - search_for_pattern: substring_pattern='where is match_contracts defined and what does it link', context_lines_before=0, context_lines_after=0, paths_include_glob='', paths_exclude_glob='', relative_path='.', restrict_search_to_code_files=False, multiline=True, max_answer_chars=-1, session_id='253c6dc0440'; session_id: 253c6dc0440
INFO  2026-08-01 17:40:35,709 [Task-55:SearchForPatternTool] serena.util.text_utils:search_files:319 - Processing 3493 files.
INFO  2026-08-01 17:40:36,527 [Task-55:SearchForPatternTool] serena.util.text_utils:search_files:360 - Found 0 total matches across 3493 files
INFO  2026-08-01 17:40:36,528 [Task-55:SearchForPatternTool] serena.tools.tools_base:task:410 - Result: {}
INFO  2026-08-01 17:40:36,528 [Task-55:SearchForPatternTool] serena.task_executor:stop:336 - Task-55:SearchForPatternTool completed in 1.387 seconds
  serena             E54_match_contracts_def          ok hit@None
INFO  2026-08-01 17:40:36,531 [MainThread] mcp.server.lowlevel.server:_handle_request:733 - Processing request of type CallToolRequest
INFO  2026-08-01 17:40:36,531 [MainThread] serena.task_executor:issue_task:217 - Scheduling Task-56:SearchForPatternTool
INFO  2026-08-01 17:40:36,628 [SerenaAgentTaskExecutor] serena.task_executor:_process_task_queue:139 - Starting execution of Task-56:SearchForPatternTool
INFO  2026-08-01 17:40:36,629 [Task-56:SearchForPatternTool] serena.task_executor:start:329 - Task-56:SearchForPatternTool starting ...
INFO  2026-08-01 17:40:36,629 [Task-56:SearchForPatternTool] serena.tools.tools_base:_log_tool_application:279 - search_for_pattern: substring_pattern='How does build_lineage_chain assemble the supersession lineage for a decision?', context_lines_before=0, context_lines_after=0, paths_include_glob='', paths_exclude_glob='', relative_path='.', restrict_search_to_code_files=False, multiline=True, max_answer_chars=-1, session_id='253c6dc0440'; session_id: 253c6dc0440
INFO  2026-08-01 17:40:37,231 [Task-56:SearchForPatternTool] serena.util.text_utils:search_files:319 - Processing 3493 files.
INFO  2026-08-01 17:40:38,124 [Task-56:SearchForPatternTool] serena.util.text_utils:search_files:360 - Found 0 total matches across 3493 files
INFO  2026-08-01 17:40:38,125 [Task-56:SearchForPatternTool] serena.tools.tools_base:task:410 - Result: {}
INFO  2026-08-01 17:40:38,125 [Task-56:SearchForPatternTool] serena.task_executor:stop:336 - Task-56:SearchForPatternTool completed in 1.496 seconds
  serena             E55_build_lineage_chain          ok hit@None
INFO  2026-08-01 17:40:38,128 [MainThread] mcp.server.lowlevel.server:_handle_request:733 - Processing request of type CallToolRequest
INFO  2026-08-01 17:40:38,129 [MainThread] serena.task_executor:issue_task:217 - Scheduling Task-57:SearchForPatternTool
INFO  2026-08-01 17:40:38,227 [SerenaAgentTaskExecutor] serena.task_executor:_process_task_queue:139 - Starting execution of Task-57:SearchForPatternTool
INFO  2026-08-01 17:40:38,227 [Task-57:SearchForPatternTool] serena.task_executor:start:329 - Task-57:SearchForPatternTool starting ...
INFO  2026-08-01 17:40:38,227 [Task-57:SearchForPatternTool] serena.tools.tools_base:_log_tool_application:279 - search_for_pattern: substring_pattern='where is get_execution_flows implemented', context_lines_before=0, context_lines_after=0, paths_include_glob='', paths_exclude_glob='', relative_path='.', restrict_search_to_code_files=False, multiline=True, max_answer_chars=-1, session_id='253c6dc0440'; session_id: 253c6dc0440
INFO  2026-08-01 17:40:38,884 [Task-57:SearchForPatternTool] serena.util.text_utils:search_files:319 - Processing 3493 files.
INFO  2026-08-01 17:40:39,851 [Task-57:SearchForPatternTool] serena.util.text_utils:search_files:360 - Found 0 total matches across 3493 files
INFO  2026-08-01 17:40:39,853 [Task-57:SearchForPatternTool] serena.tools.tools_base:task:410 - Result: {}
INFO  2026-08-01 17:40:39,854 [Task-57:SearchForPatternTool] serena.task_executor:stop:336 - Task-57:SearchForPatternTool completed in 1.626 seconds
  serena             E56_get_execution_flows_impl     ok hit@None
INFO  2026-08-01 17:40:39,857 [MainThread] mcp.server.lowlevel.server:_handle_request:733 - Processing request of type CallToolRequest
INFO  2026-08-01 17:40:39,857 [MainThread] serena.task_executor:issue_task:217 - Scheduling Task-58:SearchForPatternTool
INFO  2026-08-01 17:40:39,955 [SerenaAgentTaskExecutor] serena.task_executor:_process_task_queue:139 - Starting execution of Task-58:SearchForPatternTool
INFO  2026-08-01 17:40:39,955 [Task-58:SearchForPatternTool] serena.task_executor:start:329 - Task-58:SearchForPatternTool starting ...
INFO  2026-08-01 17:40:39,956 [Task-58:SearchForPatternTool] serena.tools.tools_base:_log_tool_application:279 - search_for_pattern: substring_pattern='How does select_pages use compute_budget to size the page budget?', context_lines_before=0, context_lines_after=0, paths_include_glob='', paths_exclude_glob='', relative_path='.', restrict_search_to_code_files=False, multiline=True, max_answer_chars=-1, session_id='253c6dc0440'; session_id: 253c6dc0440
INFO  2026-08-01 17:40:40,542 [Task-58:SearchForPatternTool] serena.util.text_utils:search_files:319 - Processing 3493 files.
INFO  2026-08-01 17:40:41,421 [Task-58:SearchForPatternTool] serena.util.text_utils:search_files:360 - Found 0 total matches across 3493 files
INFO  2026-08-01 17:40:41,422 [Task-58:SearchForPatternTool] serena.tools.tools_base:task:410 - Result: {}
INFO  2026-08-01 17:40:41,422 [Task-58:SearchForPatternTool] serena.task_executor:stop:336 - Task-58:SearchForPatternTool completed in 1.466 seconds
  serena             E57_select_pages_budget          ok hit@None
INFO  2026-08-01 17:40:41,425 [MainThread] mcp.server.lowlevel.server:_handle_request:733 - Processing request of type CallToolRequest
INFO  2026-08-01 17:40:41,425 [MainThread] serena.task_executor:issue_task:217 - Scheduling Task-59:SearchForPatternTool
INFO  2026-08-01 17:40:41,523 [SerenaAgentTaskExecutor] serena.task_executor:_process_task_queue:139 - Starting execution of Task-59:SearchForPatternTool
INFO  2026-08-01 17:40:41,524 [Task-59:SearchForPatternTool] serena.task_executor:start:329 - Task-59:SearchForPatternTool starting ...
INFO  2026-08-01 17:40:41,524 [Task-59:SearchForPatternTool] serena.tools.tools_base:_log_tool_application:279 - search_for_pattern: substring_pattern='How does workspace HTTP contract extraction feed into match_contracts for producer/consumer linking?', context_lines_before=0, context_lines_after=0, paths_include_glob='', paths_exclude_glob='', relative_path='.', restrict_search_to_code_files=False, multiline=True, max_answer_chars=-1, session_id='253c6dc0440'; session_id: 253c6dc0440
INFO  2026-08-01 17:40:42,139 [Task-59:SearchForPatternTool] serena.util.text_utils:search_files:319 - Processing 3493 files.
INFO  2026-08-01 17:40:43,021 [Task-59:SearchForPatternTool] serena.util.text_utils:search_files:360 - Found 0 total matches across 3493 files
INFO  2026-08-01 17:40:43,023 [Task-59:SearchForPatternTool] serena.tools.tools_base:task:410 - Result: {}
INFO  2026-08-01 17:40:43,023 [Task-59:SearchForPatternTool] serena.task_executor:stop:336 - Task-59:SearchForPatternTool completed in 1.499 seconds
  serena             E58_http_contract_to_match       ok hit@None
INFO  2026-08-01 17:40:43,026 [MainThread] mcp.server.lowlevel.server:_handle_request:733 - Processing request of type CallToolRequest
INFO  2026-08-01 17:40:43,026 [MainThread] serena.task_executor:issue_task:217 - Scheduling Task-60:SearchForPatternTool
INFO  2026-08-01 17:40:43,123 [SerenaAgentTaskExecutor] serena.task_executor:_process_task_queue:139 - Starting execution of Task-60:SearchForPatternTool
INFO  2026-08-01 17:40:43,123 [Task-60:SearchForPatternTool] serena.task_executor:start:329 - Task-60:SearchForPatternTool starting ...
INFO  2026-08-01 17:40:43,124 [Task-60:SearchForPatternTool] serena.tools.tools_base:_log_tool_application:279 - search_for_pattern: substring_pattern='How are uncaught exceptions from MCP tool handlers shielded before they escape to FastMCP as isError?', context_lines_before=0, context_lines_after=0, paths_include_glob='', paths_exclude_glob='', relative_path='.', restrict_search_to_code_files=False, multiline=True, max_answer_chars=-1, session_id='253c6dc0440'; session_id: 253c6dc0440
INFO  2026-08-01 17:40:43,704 [Task-60:SearchForPatternTool] serena.util.text_utils:search_files:319 - Processing 3493 files.
INFO  2026-08-01 17:40:44,533 [Task-60:SearchForPatternTool] serena.util.text_utils:search_files:360 - Found 0 total matches across 3493 files
INFO  2026-08-01 17:40:44,534 [Task-60:SearchForPatternTool] serena.tools.tools_base:task:410 - Result: {}
INFO  2026-08-01 17:40:44,534 [Task-60:SearchForPatternTool] serena.task_executor:stop:336 - Task-60:SearchForPatternTool completed in 1.410 seconds
  serena             E59_failure_shield               ok hit@None
INFO  2026-08-01 17:40:44,537 [MainThread] mcp.server.lowlevel.server:_handle_request:733 - Processing request of type CallToolRequest
INFO  2026-08-01 17:40:44,537 [MainThread] serena.task_executor:issue_task:217 - Scheduling Task-61:SearchForPatternTool
INFO  2026-08-01 17:40:44,634 [SerenaAgentTaskExecutor] serena.task_executor:_process_task_queue:139 - Starting execution of Task-61:SearchForPatternTool
INFO  2026-08-01 17:40:44,635 [Task-61:SearchForPatternTool] serena.task_executor:start:329 - Task-61:SearchForPatternTool starting ...
INFO  2026-08-01 17:40:44,635 [Task-61:SearchForPatternTool] serena.tools.tools_base:_log_tool_application:279 - search_for_pattern: substring_pattern="How does the health engine's _ImportEdgeView adapt the graph produced by the ingestion GraphBuilder?", context_lines_before=0, context_lines_after=0, paths_include_glob='', paths_exclude_glob='', relative_path='.', restrict_search_to_code_files=False, multiline=True, max_answer_chars=-1, session_id='253c6dc0440'; session_id: 253c6dc0440
INFO  2026-08-01 17:40:45,201 [Task-61:SearchForPatternTool] serena.util.text_utils:search_files:319 - Processing 3493 files.
INFO  2026-08-01 17:40:46,015 [Task-61:SearchForPatternTool] serena.util.text_utils:search_files:360 - Found 0 total matches across 3493 files
INFO  2026-08-01 17:40:46,016 [Task-61:SearchForPatternTool] serena.tools.tools_base:task:410 - Result: {}
INFO  2026-08-01 17:40:46,016 [Task-61:SearchForPatternTool] serena.task_executor:stop:336 - Task-61:SearchForPatternTool completed in 1.382 seconds
  serena             E60_health_import_edge_adapts_builder ok hit@None
INFO  2026-08-01 17:40:46,019 [MainThread] mcp.server.lowlevel.server:_handle_request:733 - Processing request of type CallToolRequest
INFO  2026-08-01 17:40:46,019 [MainThread] serena.task_executor:issue_task:217 - Scheduling Task-62:SearchForPatternTool
INFO  2026-08-01 17:40:46,118 [SerenaAgentTaskExecutor] serena.task_executor:_process_task_queue:139 - Starting execution of Task-62:SearchForPatternTool
INFO  2026-08-01 17:40:46,118 [Task-62:SearchForPatternTool] serena.task_executor:start:329 - Task-62:SearchForPatternTool starting ...
INFO  2026-08-01 17:40:46,118 [Task-62:SearchForPatternTool] serena.tools.tools_base:_log_tool_application:279 - search_for_pattern: substring_pattern='How does repowise decide whether to seed an unindexed linked worktree instead of running a full init?', context_lines_before=0, context_lines_after=0, paths_include_glob='', paths_exclude_glob='', relative_path='.', restrict_search_to_code_files=False, multiline=True, max_answer_chars=-1, session_id='253c6dc0440'; session_id: 253c6dc0440
INFO  2026-08-01 17:40:46,684 [Task-62:SearchForPatternTool] serena.util.text_utils:search_files:319 - Processing 3493 files.
INFO  2026-08-01 17:40:47,502 [Task-62:SearchForPatternTool] serena.util.text_utils:search_files:360 - Found 0 total matches across 3493 files
INFO  2026-08-01 17:40:47,504 [Task-62:SearchForPatternTool] serena.tools.tools_base:task:410 - Result: {}
INFO  2026-08-01 17:40:47,504 [Task-62:SearchForPatternTool] serena.task_executor:stop:336 - Task-62:SearchForPatternTool completed in 1.386 seconds
  serena             E61_seed_worktree_index          ok hit@None
INFO  2026-08-01 17:40:47,507 [MainThread] mcp.server.lowlevel.server:_handle_request:733 - Processing request of type CallToolRequest
INFO  2026-08-01 17:40:47,508 [MainThread] serena.task_executor:issue_task:217 - Scheduling Task-63:SearchForPatternTool
INFO  2026-08-01 17:40:47,605 [SerenaAgentTaskExecutor] serena.task_executor:_process_task_queue:139 - Starting execution of Task-63:SearchForPatternTool
INFO  2026-08-01 17:40:47,606 [Task-63:SearchForPatternTool] serena.task_executor:start:329 - Task-63:SearchForPatternTool starting ...
INFO  2026-08-01 17:40:47,606 [Task-63:SearchForPatternTool] serena.tools.tools_base:_log_tool_application:279 - search_for_pattern: substring_pattern="How does the demand miner attribute a get_answer call's citations back to specific files?", context_lines_before=0, context_lines_after=0, paths_include_glob='', paths_exclude_glob='', relative_path='.', restrict_search_to_code_files=False, multiline=True, max_answer_chars=-1, session_id='253c6dc0440'; session_id: 253c6dc0440
INFO  2026-08-01 17:40:48,153 [Task-63:SearchForPatternTool] serena.util.text_utils:search_files:319 - Processing 3493 files.
INFO  2026-08-01 17:40:49,080 [Task-63:SearchForPatternTool] serena.util.text_utils:search_files:360 - Found 0 total matches across 3493 files
INFO  2026-08-01 17:40:49,081 [Task-63:SearchForPatternTool] serena.tools.tools_base:task:410 - Result: {}
INFO  2026-08-01 17:40:49,081 [Task-63:SearchForPatternTool] serena.task_executor:stop:336 - Task-63:SearchForPatternTool completed in 1.476 seconds
  serena             E62_demand_attributes_citations  ok hit@None
INFO  2026-08-01 17:40:49,084 [MainThread] mcp.server.lowlevel.server:_handle_request:733 - Processing request of type CallToolRequest
INFO  2026-08-01 17:40:49,085 [MainThread] serena.task_executor:issue_task:217 - Scheduling Task-64:SearchForPatternTool
INFO  2026-08-01 17:40:49,182 [SerenaAgentTaskExecutor] serena.task_executor:_process_task_queue:139 - Starting execution of Task-64:SearchForPatternTool
INFO  2026-08-01 17:40:49,182 [Task-64:SearchForPatternTool] serena.task_executor:start:329 - Task-64:SearchForPatternTool starting ...
INFO  2026-08-01 17:40:49,182 [Task-64:SearchForPatternTool] serena.tools.tools_base:_log_tool_application:279 - search_for_pattern: substring_pattern='How does CostTracker price an LLM call for an unrecognized model family?', context_lines_before=0, context_lines_after=0, paths_include_glob='', paths_exclude_glob='', relative_path='.', restrict_search_to_code_files=False, multiline=True, max_answer_chars=-1, session_id='253c6dc0440'; session_id: 253c6dc0440
INFO  2026-08-01 17:40:49,771 [Task-64:SearchForPatternTool] serena.util.text_utils:search_files:319 - Processing 3493 files.
INFO  2026-08-01 17:40:50,593 [Task-64:SearchForPatternTool] serena.util.text_utils:search_files:360 - Found 0 total matches across 3493 files
INFO  2026-08-01 17:40:50,594 [Task-64:SearchForPatternTool] serena.tools.tools_base:task:410 - Result: {}
INFO  2026-08-01 17:40:50,594 [Task-64:SearchForPatternTool] serena.task_executor:stop:336 - Task-64:SearchForPatternTool completed in 1.412 seconds
  serena             E63_cost_tracker_unknown_model   ok hit@None
INFO  2026-08-01 17:40:50,597 [MainThread] mcp.server.lowlevel.server:_handle_request:733 - Processing request of type CallToolRequest
INFO  2026-08-01 17:40:50,598 [MainThread] serena.task_executor:issue_task:217 - Scheduling Task-65:SearchForPatternTool
INFO  2026-08-01 17:40:50,696 [SerenaAgentTaskExecutor] serena.task_executor:_process_task_queue:139 - Starting execution of Task-65:SearchForPatternTool
INFO  2026-08-01 17:40:50,696 [Task-65:SearchForPatternTool] serena.task_executor:start:329 - Task-65:SearchForPatternTool starting ...
INFO  2026-08-01 17:40:50,696 [Task-65:SearchForPatternTool] serena.tools.tools_base:_log_tool_application:279 - search_for_pattern: substring_pattern="How does fix attribution roll up a file's fix history into a decayed defect mass?", context_lines_before=0, context_lines_after=0, paths_include_glob='', paths_exclude_glob='', relative_path='.', restrict_search_to_code_files=False, multiline=True, max_answer_chars=-1, session_id='253c6dc0440'; session_id: 253c6dc0440
INFO  2026-08-01 17:40:51,265 [Task-65:SearchForPatternTool] serena.util.text_utils:search_files:319 - Processing 3493 files.
INFO  2026-08-01 17:40:52,102 [Task-65:SearchForPatternTool] serena.util.text_utils:search_files:360 - Found 0 total matches across 3493 files
INFO  2026-08-01 17:40:52,103 [Task-65:SearchForPatternTool] serena.tools.tools_base:task:410 - Result: {}
INFO  2026-08-01 17:40:52,103 [Task-65:SearchForPatternTool] serena.task_executor:stop:336 - Task-65:SearchForPatternTool completed in 1.407 seconds
  serena             E64_fix_attribution_decayed_mass ok hit@None
INFO  2026-08-01 17:40:52,106 [MainThread] mcp.server.lowlevel.server:_handle_request:733 - Processing request of type CallToolRequest
INFO  2026-08-01 17:40:52,106 [MainThread] serena.task_executor:issue_task:217 - Scheduling Task-66:SearchForPatternTool
INFO  2026-08-01 17:40:52,203 [SerenaAgentTaskExecutor] serena.task_executor:_process_task_queue:139 - Starting execution of Task-66:SearchForPatternTool
INFO  2026-08-01 17:40:52,204 [Task-66:SearchForPatternTool] serena.task_executor:start:329 - Task-66:SearchForPatternTool starting ...
INFO  2026-08-01 17:40:52,204 [Task-66:SearchForPatternTool] serena.tools.tools_base:_log_tool_application:279 - search_for_pattern: substring_pattern='How does resolve_wiki_links build backlinks between generated wiki pages?', context_lines_before=0, context_lines_after=0, paths_include_glob='', paths_exclude_glob='', relative_path='.', restrict_search_to_code_files=False, multiline=True, max_answer_chars=-1, session_id='253c6dc0440'; session_id: 253c6dc0440
INFO  2026-08-01 17:40:52,782 [Task-66:SearchForPatternTool] serena.util.text_utils:search_files:319 - Processing 3493 files.
INFO  2026-08-01 17:40:53,632 [Task-66:SearchForPatternTool] serena.util.text_utils:search_files:360 - Found 0 total matches across 3493 files
INFO  2026-08-01 17:40:53,633 [Task-66:SearchForPatternTool] serena.tools.tools_base:task:410 - Result: {}
INFO  2026-08-01 17:40:53,633 [Task-66:SearchForPatternTool] serena.task_executor:stop:336 - Task-66:SearchForPatternTool completed in 1.430 seconds
  serena             E65_resolve_wiki_links_backlinks ok hit@None
INFO  2026-08-01 17:40:53,636 [MainThread] mcp.server.lowlevel.server:_handle_request:733 - Processing request of type CallToolRequest
INFO  2026-08-01 17:40:53,636 [MainThread] serena.task_executor:issue_task:217 - Scheduling Task-67:SearchForPatternTool
INFO  2026-08-01 17:40:53,735 [SerenaAgentTaskExecutor] serena.task_executor:_process_task_queue:139 - Starting execution of Task-67:SearchForPatternTool
INFO  2026-08-01 17:40:53,735 [Task-67:SearchForPatternTool] serena.task_executor:start:329 - Task-67:SearchForPatternTool starting ...
INFO  2026-08-01 17:40:53,735 [Task-67:SearchForPatternTool] serena.tools.tools_base:_log_tool_application:279 - search_for_pattern: substring_pattern='How does build_tour pick landmark stops and a hotspot stop for the guided tour?', context_lines_before=0, context_lines_after=0, paths_include_glob='', paths_exclude_glob='', relative_path='.', restrict_search_to_code_files=False, multiline=True, max_answer_chars=-1, session_id='253c6dc0440'; session_id: 253c6dc0440
INFO  2026-08-01 17:40:54,295 [Task-67:SearchForPatternTool] serena.util.text_utils:search_files:319 - Processing 3493 files.
INFO  2026-08-01 17:40:55,115 [Task-67:SearchForPatternTool] serena.util.text_utils:search_files:360 - Found 0 total matches across 3493 files
INFO  2026-08-01 17:40:55,116 [Task-67:SearchForPatternTool] serena.tools.tools_base:task:410 - Result: {}
INFO  2026-08-01 17:40:55,116 [Task-67:SearchForPatternTool] serena.task_executor:stop:336 - Task-67:SearchForPatternTool completed in 1.381 seconds
  serena             E66_build_tour_stops             ok hit@None
INFO  2026-08-01 17:40:55,119 [MainThread] mcp.server.lowlevel.server:_handle_request:733 - Processing request of type CallToolRequest
INFO  2026-08-01 17:40:55,119 [MainThread] serena.task_executor:issue_task:217 - Scheduling Task-68:SearchForPatternTool
INFO  2026-08-01 17:40:55,217 [SerenaAgentTaskExecutor] serena.task_executor:_process_task_queue:139 - Starting execution of Task-68:SearchForPatternTool
INFO  2026-08-01 17:40:55,217 [Task-68:SearchForPatternTool] serena.task_executor:start:329 - Task-68:SearchForPatternTool starting ...
INFO  2026-08-01 17:40:55,217 [Task-68:SearchForPatternTool] serena.tools.tools_base:_log_tool_application:279 - search_for_pattern: substring_pattern='how does the execution-flow scoring computed during ingestion end up served by get_execution_flows', context_lines_before=0, context_lines_after=0, paths_include_glob='', paths_exclude_glob='', relative_path='.', restrict_search_to_code_files=False, multiline=True, max_answer_chars=-1, session_id='253c6dc0440'; session_id: 253c6dc0440
INFO  2026-08-01 17:40:55,770 [Task-68:SearchForPatternTool] serena.util.text_utils:search_files:319 - Processing 3493 files.
INFO  2026-08-01 17:40:56,643 [Task-68:SearchForPatternTool] serena.util.text_utils:search_files:360 - Found 0 total matches across 3493 files
INFO  2026-08-01 17:40:56,645 [Task-68:SearchForPatternTool] serena.tools.tools_base:task:410 - Result: {}
INFO  2026-08-01 17:40:56,645 [Task-68:SearchForPatternTool] serena.task_executor:stop:336 - Task-68:SearchForPatternTool completed in 1.427 seconds
  serena             E67_flow_scoring_served          ok hit@None
INFO  2026-08-01 17:40:56,648 [MainThread] mcp.server.lowlevel.server:_handle_request:733 - Processing request of type CallToolRequest
INFO  2026-08-01 17:40:56,649 [MainThread] serena.task_executor:issue_task:217 - Scheduling Task-69:SearchForPatternTool
INFO  2026-08-01 17:40:56,747 [SerenaAgentTaskExecutor] serena.task_executor:_process_task_queue:139 - Starting execution of Task-69:SearchForPatternTool
INFO  2026-08-01 17:40:56,747 [Task-69:SearchForPatternTool] serena.task_executor:start:329 - Task-69:SearchForPatternTool starting ...
INFO  2026-08-01 17:40:56,747 [Task-69:SearchForPatternTool] serena.tools.tools_base:_log_tool_application:279 - search_for_pattern: substring_pattern="how does contributor and blame data collected by the git indexer end up folded into a file's health metrics", context_lines_before=0, context_lines_after=0, paths_include_glob='', paths_exclude_glob='', relative_path='.', restrict_search_to_code_files=False, multiline=True, max_answer_chars=-1, session_id='253c6dc0440'; session_id: 253c6dc0440
INFO  2026-08-01 17:40:57,336 [Task-69:SearchForPatternTool] serena.util.text_utils:search_files:319 - Processing 3493 files.
INFO  2026-08-01 17:40:58,223 [Task-69:SearchForPatternTool] serena.util.text_utils:search_files:360 - Found 0 total matches across 3493 files
INFO  2026-08-01 17:40:58,224 [Task-69:SearchForPatternTool] serena.tools.tools_base:task:410 - Result: {}
INFO  2026-08-01 17:40:58,224 [Task-69:SearchForPatternTool] serena.task_executor:stop:336 - Task-69:SearchForPatternTool completed in 1.477 seconds
  serena             E68_blame_to_health              ok hit@None
INFO  2026-08-01 17:40:58,227 [MainThread] mcp.server.lowlevel.server:_handle_request:733 - Processing request of type CallToolRequest
INFO  2026-08-01 17:40:58,228 [MainThread] serena.task_executor:issue_task:217 - Scheduling Task-70:SearchForPatternTool
INFO  2026-08-01 17:40:58,326 [SerenaAgentTaskExecutor] serena.task_executor:_process_task_queue:139 - Starting execution of Task-70:SearchForPatternTool
INFO  2026-08-01 17:40:58,326 [Task-70:SearchForPatternTool] serena.task_executor:start:329 - Task-70:SearchForPatternTool starting ...
INFO  2026-08-01 17:40:58,327 [Task-70:SearchForPatternTool] serena.tools.tools_base:_log_tool_application:279 - search_for_pattern: substring_pattern='how does the co-change partner data the git indexer computes end up flagging a hidden-coupling health finding', context_lines_before=0, context_lines_after=0, paths_include_glob='', paths_exclude_glob='', relative_path='.', restrict_search_to_code_files=False, multiline=True, max_answer_chars=-1, session_id='253c6dc0440'; session_id: 253c6dc0440
INFO  2026-08-01 17:40:58,909 [Task-70:SearchForPatternTool] serena.util.text_utils:search_files:319 - Processing 3493 files.
INFO  2026-08-01 17:40:59,733 [Task-70:SearchForPatternTool] serena.util.text_utils:search_files:360 - Found 0 total matches across 3493 files
INFO  2026-08-01 17:40:59,733 [Task-70:SearchForPatternTool] serena.tools.tools_base:task:410 - Result: {}
INFO  2026-08-01 17:40:59,734 [Task-70:SearchForPatternTool] serena.task_executor:stop:336 - Task-70:SearchForPatternTool completed in 1.407 seconds
  serena             E69_cochange_hidden_coupling     ok hit@None
INFO  2026-08-01 17:40:59,736 [MainThread] mcp.server.lowlevel.server:_handle_request:733 - Processing request of type CallToolRequest
INFO  2026-08-01 17:40:59,736 [MainThread] serena.task_executor:issue_task:217 - Scheduling Task-71:SearchForPatternTool
INFO  2026-08-01 17:40:59,835 [SerenaAgentTaskExecutor] serena.task_executor:_process_task_queue:139 - Starting execution of Task-71:SearchForPatternTool
INFO  2026-08-01 17:40:59,835 [Task-71:SearchForPatternTool] serena.task_executor:start:329 - Task-71:SearchForPatternTool starting ...
INFO  2026-08-01 17:40:59,835 [Task-71:SearchForPatternTool] serena.tools.tools_base:_log_tool_application:279 - search_for_pattern: substring_pattern='how does the co-change data the git indexer records end up scoring a duplicated-code DRY violation finding', context_lines_before=0, context_lines_after=0, paths_include_glob='', paths_exclude_glob='', relative_path='.', restrict_search_to_code_files=False, multiline=True, max_answer_chars=-1, session_id='253c6dc0440'; session_id: 253c6dc0440
INFO  2026-08-01 17:41:00,407 [Task-71:SearchForPatternTool] serena.util.text_utils:search_files:319 - Processing 3493 files.
INFO  2026-08-01 17:41:01,291 [Task-71:SearchForPatternTool] serena.util.text_utils:search_files:360 - Found 0 total matches across 3493 files
INFO  2026-08-01 17:41:01,292 [Task-71:SearchForPatternTool] serena.tools.tools_base:task:410 - Result: {}
INFO  2026-08-01 17:41:01,293 [Task-71:SearchForPatternTool] serena.task_executor:stop:336 - Task-71:SearchForPatternTool completed in 1.457 seconds
  serena             E70_cochange_dry_violation       ok hit@None
INFO  2026-08-01 17:41:01,295 [MainThread] mcp.server.lowlevel.server:_handle_request:733 - Processing request of type CallToolRequest
INFO  2026-08-01 17:41:01,295 [MainThread] serena.task_executor:issue_task:217 - Scheduling Task-72:SearchForPatternTool
INFO  2026-08-01 17:41:01,394 [SerenaAgentTaskExecutor] serena.task_executor:_process_task_queue:139 - Starting execution of Task-72:SearchForPatternTool
INFO  2026-08-01 17:41:01,394 [Task-72:SearchForPatternTool] serena.task_executor:start:329 - Task-72:SearchForPatternTool starting ...
INFO  2026-08-01 17:41:01,395 [Task-72:SearchForPatternTool] serena.tools.tools_base:_log_tool_application:279 - search_for_pattern: substring_pattern='how does a dead-code finding computed by the dead-code analyzer end up returned by get_dead_code', context_lines_before=0, context_lines_after=0, paths_include_glob='', paths_exclude_glob='', relative_path='.', restrict_search_to_code_files=False, multiline=True, max_answer_chars=-1, session_id='253c6dc0440'; session_id: 253c6dc0440
INFO  2026-08-01 17:41:02,006 [Task-72:SearchForPatternTool] serena.util.text_utils:search_files:319 - Processing 3493 files.
INFO  2026-08-01 17:41:02,891 [Task-72:SearchForPatternTool] serena.util.text_utils:search_files:360 - Found 0 total matches across 3493 files
INFO  2026-08-01 17:41:02,892 [Task-72:SearchForPatternTool] serena.tools.tools_base:task:410 - Result: {}
INFO  2026-08-01 17:41:02,892 [Task-72:SearchForPatternTool] serena.task_executor:stop:336 - Task-72:SearchForPatternTool completed in 1.498 seconds
  serena             E71_dead_code_served             ok hit@None
INFO  2026-08-01 17:41:02,895 [MainThread] mcp.server.lowlevel.server:_handle_request:733 - Processing request of type CallToolRequest
INFO  2026-08-01 17:41:02,896 [MainThread] serena.task_executor:issue_task:217 - Scheduling Task-73:SearchForPatternTool
INFO  2026-08-01 17:41:02,994 [SerenaAgentTaskExecutor] serena.task_executor:_process_task_queue:139 - Starting execution of Task-73:SearchForPatternTool
INFO  2026-08-01 17:41:02,994 [Task-73:SearchForPatternTool] serena.task_executor:start:329 - Task-73:SearchForPatternTool starting ...
INFO  2026-08-01 17:41:02,994 [Task-73:SearchForPatternTool] serena.tools.tools_base:_log_tool_application:279 - search_for_pattern: substring_pattern='how does the agent-authored-commit percentage the git indexer computes end up in the ownership data served for a file', context_lines_before=0, context_lines_after=0, paths_include_glob='', paths_exclude_glob='', relative_path='.', restrict_search_to_code_files=False, multiline=True, max_answer_chars=-1, session_id='253c6dc0440'; session_id: 253c6dc0440
INFO  2026-08-01 17:41:03,570 [Task-73:SearchForPatternTool] serena.util.text_utils:search_files:319 - Processing 3493 files.
INFO  2026-08-01 17:41:04,442 [Task-73:SearchForPatternTool] serena.util.text_utils:search_files:360 - Found 0 total matches across 3493 files
INFO  2026-08-01 17:41:04,443 [Task-73:SearchForPatternTool] serena.tools.tools_base:task:410 - Result: {}
INFO  2026-08-01 17:41:04,443 [Task-73:SearchForPatternTool] serena.task_executor:stop:336 - Task-73:SearchForPatternTool completed in 1.449 seconds
  serena             E72_agent_pct_ownership          ok hit@None
INFO  2026-08-01 17:41:04,446 [MainThread] mcp.server.lowlevel.server:_handle_request:733 - Processing request of type CallToolRequest
INFO  2026-08-01 17:41:04,446 [MainThread] serena.task_executor:issue_task:217 - Scheduling Task-74:SearchForPatternTool
INFO  2026-08-01 17:41:04,545 [SerenaAgentTaskExecutor] serena.task_executor:_process_task_queue:139 - Starting execution of Task-74:SearchForPatternTool
INFO  2026-08-01 17:41:04,545 [Task-74:SearchForPatternTool] serena.task_executor:start:329 - Task-74:SearchForPatternTool starting ...
INFO  2026-08-01 17:41:04,545 [Task-74:SearchForPatternTool] serena.tools.tools_base:_log_tool_application:279 - search_for_pattern: substring_pattern='how do persisted fix events end up flagging a file as a bug magnet in get_risk', context_lines_before=0, context_lines_after=0, paths_include_glob='', paths_exclude_glob='', relative_path='.', restrict_search_to_code_files=False, multiline=True, max_answer_chars=-1, session_id='253c6dc0440'; session_id: 253c6dc0440
INFO  2026-08-01 17:41:05,127 [Task-74:SearchForPatternTool] serena.util.text_utils:search_files:319 - Processing 3493 files.
INFO  2026-08-01 17:41:06,011 [Task-74:SearchForPatternTool] serena.util.text_utils:search_files:360 - Found 0 total matches across 3493 files
INFO  2026-08-01 17:41:06,013 [Task-74:SearchForPatternTool] serena.tools.tools_base:task:410 - Result: {}
INFO  2026-08-01 17:41:06,013 [Task-74:SearchForPatternTool] serena.task_executor:stop:336 - Task-74:SearchForPatternTool completed in 1.468 seconds
  serena             E73_fix_events_bug_magnet        ok hit@None
INFO  2026-08-01 17:41:06,016 [MainThread] mcp.server.lowlevel.server:_handle_request:733 - Processing request of type CallToolRequest
INFO  2026-08-01 17:41:06,017 [MainThread] serena.task_executor:issue_task:217 - Scheduling Task-75:SearchForPatternTool
INFO  2026-08-01 17:41:06,114 [SerenaAgentTaskExecutor] serena.task_executor:_process_task_queue:139 - Starting execution of Task-75:SearchForPatternTool
INFO  2026-08-01 17:41:06,115 [Task-75:SearchForPatternTool] serena.task_executor:start:329 - Task-75:SearchForPatternTool starting ...
INFO  2026-08-01 17:41:06,115 [Task-75:SearchForPatternTool] serena.tools.tools_base:_log_tool_application:279 - search_for_pattern: substring_pattern='how does a decision mined from a commit message by the decision extractor end up answerable through get_why', context_lines_before=0, context_lines_after=0, paths_include_glob='', paths_exclude_glob='', relative_path='.', restrict_search_to_code_files=False, multiline=True, max_answer_chars=-1, session_id='253c6dc0440'; session_id: 253c6dc0440
INFO  2026-08-01 17:41:06,698 [Task-75:SearchForPatternTool] serena.util.text_utils:search_files:319 - Processing 3493 files.
INFO  2026-08-01 17:41:07,584 [Task-75:SearchForPatternTool] serena.util.text_utils:search_files:360 - Found 0 total matches across 3493 files
INFO  2026-08-01 17:41:07,586 [Task-75:SearchForPatternTool] serena.tools.tools_base:task:410 - Result: {}
INFO  2026-08-01 17:41:07,586 [Task-75:SearchForPatternTool] serena.task_executor:stop:336 - Task-75:SearchForPatternTool completed in 1.471 seconds
  serena             E74_decision_to_why              ok hit@None
INFO  2026-08-01 17:41:07,589 [MainThread] mcp.server.lowlevel.server:_handle_request:733 - Processing request of type CallToolRequest
INFO  2026-08-01 17:41:07,589 [MainThread] serena.task_executor:issue_task:217 - Scheduling Task-76:SearchForPatternTool
INFO  2026-08-01 17:41:07,687 [SerenaAgentTaskExecutor] serena.task_executor:_process_task_queue:139 - Starting execution of Task-76:SearchForPatternTool
INFO  2026-08-01 17:41:07,688 [Task-76:SearchForPatternTool] serena.task_executor:start:329 - Task-76:SearchForPatternTool starting ...
INFO  2026-08-01 17:41:07,688 [Task-76:SearchForPatternTool] serena.tools.tools_base:_log_tool_application:279 - search_for_pattern: substring_pattern='how does supersession detection run after persisting decisions end up affecting the answer get_why gives for an older decision', context_lines_before=0, context_lines_after=0, paths_include_glob='', paths_exclude_glob='', relative_path='.', restrict_search_to_code_files=False, multiline=True, max_answer_chars=-1, session_id='253c6dc0440'; session_id: 253c6dc0440
INFO  2026-08-01 17:41:08,266 [Task-76:SearchForPatternTool] serena.util.text_utils:search_files:319 - Processing 3493 files.
INFO  2026-08-01 17:41:09,159 [Task-76:SearchForPatternTool] serena.util.text_utils:search_files:360 - Found 0 total matches across 3493 files
INFO  2026-08-01 17:41:09,160 [Task-76:SearchForPatternTool] serena.tools.tools_base:task:410 - Result: {}
INFO  2026-08-01 17:41:09,160 [Task-76:SearchForPatternTool] serena.task_executor:stop:336 - Task-76:SearchForPatternTool completed in 1.472 seconds
  serena             E75_supersession_why             ok hit@None
INFO  2026-08-01 17:41:09,162 [MainThread] mcp.server.lowlevel.server:_handle_request:733 - Processing request of type CallToolRequest
INFO  2026-08-01 17:41:09,163 [MainThread] serena.task_executor:issue_task:217 - Scheduling Task-77:SearchForPatternTool
INFO  2026-08-01 17:41:09,261 [SerenaAgentTaskExecutor] serena.task_executor:_process_task_queue:139 - Starting execution of Task-77:SearchForPatternTool
INFO  2026-08-01 17:41:09,262 [Task-77:SearchForPatternTool] serena.task_executor:start:329 - Task-77:SearchForPatternTool starting ...
INFO  2026-08-01 17:41:09,262 [Task-77:SearchForPatternTool] serena.tools.tools_base:_log_tool_application:279 - search_for_pattern: substring_pattern='how does a security finding produced by the security scanner end up served on the security findings endpoint', context_lines_before=0, context_lines_after=0, paths_include_glob='', paths_exclude_glob='', relative_path='.', restrict_search_to_code_files=False, multiline=True, max_answer_chars=-1, session_id='253c6dc0440'; session_id: 253c6dc0440
INFO  2026-08-01 17:41:09,845 [Task-77:SearchForPatternTool] serena.util.text_utils:search_files:319 - Processing 3493 files.
INFO  2026-08-01 17:41:10,738 [Task-77:SearchForPatternTool] serena.util.text_utils:search_files:360 - Found 0 total matches across 3493 files
INFO  2026-08-01 17:41:10,740 [Task-77:SearchForPatternTool] serena.tools.tools_base:task:410 - Result: {}
INFO  2026-08-01 17:41:10,740 [Task-77:SearchForPatternTool] serena.task_executor:stop:336 - Task-77:SearchForPatternTool completed in 1.478 seconds
  serena             E76_security_finding_served      ok hit@None
INFO  2026-08-01 17:41:10,743 [MainThread] mcp.server.lowlevel.server:_handle_request:733 - Processing request of type CallToolRequest
INFO  2026-08-01 17:41:10,743 [MainThread] serena.task_executor:issue_task:217 - Scheduling Task-78:SearchForPatternTool
INFO  2026-08-01 17:41:10,841 [SerenaAgentTaskExecutor] serena.task_executor:_process_task_queue:139 - Starting execution of Task-78:SearchForPatternTool
INFO  2026-08-01 17:41:10,841 [Task-78:SearchForPatternTool] serena.task_executor:start:329 - Task-78:SearchForPatternTool starting ...
INFO  2026-08-01 17:41:10,842 [Task-78:SearchForPatternTool] serena.tools.tools_base:_log_tool_application:279 - search_for_pattern: substring_pattern='how does the community partition used to plan a file split end up as a refactoring suggestion served by get_refactoring', context_lines_before=0, context_lines_after=0, paths_include_glob='', paths_exclude_glob='', relative_path='.', restrict_search_to_code_files=False, multiline=True, max_answer_chars=-1, session_id='253c6dc0440'; session_id: 253c6dc0440
INFO  2026-08-01 17:41:11,401 [Task-78:SearchForPatternTool] serena.util.text_utils:search_files:319 - Processing 3493 files.
INFO  2026-08-01 17:41:12,291 [Task-78:SearchForPatternTool] serena.util.text_utils:search_files:360 - Found 0 total matches across 3493 files
INFO  2026-08-01 17:41:12,292 [Task-78:SearchForPatternTool] serena.tools.tools_base:task:410 - Result: {}
INFO  2026-08-01 17:41:12,292 [Task-78:SearchForPatternTool] serena.task_executor:stop:336 - Task-78:SearchForPatternTool completed in 1.451 seconds
  serena             E77_community_to_refactoring     ok hit@None
INFO  2026-08-01 17:41:12,295 [MainThread] mcp.server.lowlevel.server:_handle_request:733 - Processing request of type CallToolRequest
INFO  2026-08-01 17:41:12,295 [MainThread] serena.task_executor:issue_task:217 - Scheduling Task-79:SearchForPatternTool
INFO  2026-08-01 17:41:12,394 [SerenaAgentTaskExecutor] serena.task_executor:_process_task_queue:139 - Starting execution of Task-79:SearchForPatternTool
INFO  2026-08-01 17:41:12,394 [Task-79:SearchForPatternTool] serena.task_executor:start:329 - Task-79:SearchForPatternTool starting ...
INFO  2026-08-01 17:41:12,395 [Task-79:SearchForPatternTool] serena.tools.tools_base:_log_tool_application:279 - search_for_pattern: substring_pattern='how does an omission ref created when a tool truncates its output end up resolvable by the CLI expand command', context_lines_before=0, context_lines_after=0, paths_include_glob='', paths_exclude_glob='', relative_path='.', restrict_search_to_code_files=False, multiline=True, max_answer_chars=-1, session_id='253c6dc0440'; session_id: 253c6dc0440
INFO  2026-08-01 17:41:12,999 [Task-79:SearchForPatternTool] serena.util.text_utils:search_files:319 - Processing 3493 files.
INFO  2026-08-01 17:41:13,975 [Task-79:SearchForPatternTool] serena.util.text_utils:search_files:360 - Found 0 total matches across 3493 files
INFO  2026-08-01 17:41:13,976 [Task-79:SearchForPatternTool] serena.tools.tools_base:task:410 - Result: {}
INFO  2026-08-01 17:41:13,977 [Task-79:SearchForPatternTool] serena.task_executor:stop:336 - Task-79:SearchForPatternTool completed in 1.582 seconds
  serena             E78_omission_ref_expand          ok hit@None
INFO  2026-08-01 17:41:13,980 [MainThread] mcp.server.lowlevel.server:_handle_request:733 - Processing request of type CallToolRequest
INFO  2026-08-01 17:41:13,980 [MainThread] serena.task_executor:issue_task:217 - Scheduling Task-80:SearchForPatternTool
INFO  2026-08-01 17:41:14,078 [SerenaAgentTaskExecutor] serena.task_executor:_process_task_queue:139 - Starting execution of Task-80:SearchForPatternTool
INFO  2026-08-01 17:41:14,079 [Task-80:SearchForPatternTool] serena.task_executor:start:329 - Task-80:SearchForPatternTool starting ...
INFO  2026-08-01 17:41:14,079 [Task-80:SearchForPatternTool] serena.tools.tools_base:_log_tool_application:279 - search_for_pattern: substring_pattern='how does the identity resolver that canonicalizes author emails end up shaping reviewer suggestions on a PR', context_lines_before=0, context_lines_after=0, paths_include_glob='', paths_exclude_glob='', relative_path='.', restrict_search_to_code_files=False, multiline=True, max_answer_chars=-1, session_id='253c6dc0440'; session_id: 253c6dc0440
INFO  2026-08-01 17:41:14,682 [Task-80:SearchForPatternTool] serena.util.text_utils:search_files:319 - Processing 3493 files.
INFO  2026-08-01 17:41:15,558 [Task-80:SearchForPatternTool] serena.util.text_utils:search_files:360 - Found 0 total matches across 3493 files
INFO  2026-08-01 17:41:15,559 [Task-80:SearchForPatternTool] serena.tools.tools_base:task:410 - Result: {}
INFO  2026-08-01 17:41:15,560 [Task-80:SearchForPatternTool] serena.task_executor:stop:336 - Task-80:SearchForPatternTool completed in 1.481 seconds
  serena             E79_identity_reviewer            ok hit@None
INFO  2026-08-01 17:41:15,563 [MainThread] mcp.server.lowlevel.server:_handle_request:733 - Processing request of type CallToolRequest
INFO  2026-08-01 17:41:15,563 [MainThread] serena.task_executor:issue_task:217 - Scheduling Task-81:SearchForPatternTool
INFO  2026-08-01 17:41:15,661 [SerenaAgentTaskExecutor] serena.task_executor:_process_task_queue:139 - Starting execution of Task-81:SearchForPatternTool
INFO  2026-08-01 17:41:15,662 [Task-81:SearchForPatternTool] serena.task_executor:start:329 - Task-81:SearchForPatternTool starting ...
INFO  2026-08-01 17:41:15,662 [Task-81:SearchForPatternTool] serena.tools.tools_base:_log_tool_application:279 - search_for_pattern: substring_pattern='how does the per-author commit history the git indexer rolls up end up driving reviewer suggestions', context_lines_before=0, context_lines_after=0, paths_include_glob='', paths_exclude_glob='', relative_path='.', restrict_search_to_code_files=False, multiline=True, max_answer_chars=-1, session_id='253c6dc0440'; session_id: 253c6dc0440
INFO  2026-08-01 17:41:16,233 [Task-81:SearchForPatternTool] serena.util.text_utils:search_files:319 - Processing 3493 files.
INFO  2026-08-01 17:41:17,124 [Task-81:SearchForPatternTool] serena.util.text_utils:search_files:360 - Found 0 total matches across 3493 files
INFO  2026-08-01 17:41:17,126 [Task-81:SearchForPatternTool] serena.tools.tools_base:task:410 - Result: {}
INFO  2026-08-01 17:41:17,127 [Task-81:SearchForPatternTool] serena.task_executor:stop:336 - Task-81:SearchForPatternTool completed in 1.465 seconds
  serena             E80_authors_reviewer_suggestions ok hit@None
INFO  2026-08-01 17:41:17,130 [MainThread] mcp.server.lowlevel.server:_handle_request:733 - Processing request of type CallToolRequest
INFO  2026-08-01 17:41:17,130 [MainThread] serena.task_executor:issue_task:217 - Scheduling Task-82:SearchForPatternTool
INFO  2026-08-01 17:41:17,228 [SerenaAgentTaskExecutor] serena.task_executor:_process_task_queue:139 - Starting execution of Task-82:SearchForPatternTool
INFO  2026-08-01 17:41:17,228 [Task-82:SearchForPatternTool] serena.task_executor:start:329 - Task-82:SearchForPatternTool starting ...
INFO  2026-08-01 17:41:17,229 [Task-82:SearchForPatternTool] serena.tools.tools_base:_log_tool_application:279 - search_for_pattern: substring_pattern="how does a file's prior-defect count computed by the git indexer end up factored into the defect-accuracy stat", context_lines_before=0, context_lines_after=0, paths_include_glob='', paths_exclude_glob='', relative_path='.', restrict_search_to_code_files=False, multiline=True, max_answer_chars=-1, session_id='253c6dc0440'; session_id: 253c6dc0440
INFO  2026-08-01 17:41:17,813 [Task-82:SearchForPatternTool] serena.util.text_utils:search_files:319 - Processing 3493 files.
INFO  2026-08-01 17:41:18,683 [Task-82:SearchForPatternTool] serena.util.text_utils:search_files:360 - Found 0 total matches across 3493 files
INFO  2026-08-01 17:41:18,684 [Task-82:SearchForPatternTool] serena.tools.tools_base:task:410 - Result: {}
INFO  2026-08-01 17:41:18,684 [Task-82:SearchForPatternTool] serena.task_executor:stop:336 - Task-82:SearchForPatternTool completed in 1.456 seconds
  serena             E81_prior_defect_accuracy        ok hit@None
INFO  2026-08-01 17:41:18,688 [MainThread] mcp.server.lowlevel.server:_handle_request:733 - Processing request of type CallToolRequest
INFO  2026-08-01 17:41:18,688 [MainThread] serena.task_executor:issue_task:217 - Scheduling Task-83:SearchForPatternTool
INFO  2026-08-01 17:41:18,786 [SerenaAgentTaskExecutor] serena.task_executor:_process_task_queue:139 - Starting execution of Task-83:SearchForPatternTool
INFO  2026-08-01 17:41:18,786 [Task-83:SearchForPatternTool] serena.task_executor:start:329 - Task-83:SearchForPatternTool starting ...
INFO  2026-08-01 17:41:18,786 [Task-83:SearchForPatternTool] serena.tools.tools_base:_log_tool_application:279 - search_for_pattern: substring_pattern='how does per-function commit-blame history end up surfaced as a function-hotspot finding in get_health', context_lines_before=0, context_lines_after=0, paths_include_glob='', paths_exclude_glob='', relative_path='.', restrict_search_to_code_files=False, multiline=True, max_answer_chars=-1, session_id='253c6dc0440'; session_id: 253c6dc0440
INFO  2026-08-01 17:41:19,366 [Task-83:SearchForPatternTool] serena.util.text_utils:search_files:319 - Processing 3493 files.
INFO  2026-08-01 17:41:20,236 [Task-83:SearchForPatternTool] serena.util.text_utils:search_files:360 - Found 0 total matches across 3493 files
INFO  2026-08-01 17:41:20,237 [Task-83:SearchForPatternTool] serena.tools.tools_base:task:410 - Result: {}
INFO  2026-08-01 17:41:20,237 [Task-83:SearchForPatternTool] serena.task_executor:stop:336 - Task-83:SearchForPatternTool completed in 1.451 seconds
  serena             E82_function_blame_hotspot       ok hit@None
INFO  2026-08-01 17:41:20,241 [MainThread] mcp.server.lowlevel.server:_handle_request:733 - Processing request of type CallToolRequest
INFO  2026-08-01 17:41:20,241 [MainThread] serena.task_executor:issue_task:217 - Scheduling Task-84:SearchForPatternTool
INFO  2026-08-01 17:41:20,340 [SerenaAgentTaskExecutor] serena.task_executor:_process_task_queue:139 - Starting execution of Task-84:SearchForPatternTool
INFO  2026-08-01 17:41:20,340 [Task-84:SearchForPatternTool] serena.task_executor:start:329 - Task-84:SearchForPatternTool starting ...
INFO  2026-08-01 17:41:20,340 [Task-84:SearchForPatternTool] serena.tools.tools_base:_log_tool_application:279 - search_for_pattern: substring_pattern='how does the dataflow CFG and reaching-definitions layer end up promoting an advisory perf finding to asserted in get_health', context_lines_before=0, context_lines_after=0, paths_include_glob='', paths_exclude_glob='', relative_path='.', restrict_search_to_code_files=False, multiline=True, max_answer_chars=-1, session_id='253c6dc0440'; session_id: 253c6dc0440
INFO  2026-08-01 17:41:20,910 [Task-84:SearchForPatternTool] serena.util.text_utils:search_files:319 - Processing 3493 files.
INFO  2026-08-01 17:41:21,792 [Task-84:SearchForPatternTool] serena.util.text_utils:search_files:360 - Found 0 total matches across 3493 files
INFO  2026-08-01 17:41:21,794 [Task-84:SearchForPatternTool] serena.tools.tools_base:task:410 - Result: {}
INFO  2026-08-01 17:41:21,794 [Task-84:SearchForPatternTool] serena.task_executor:stop:336 - Task-84:SearchForPatternTool completed in 1.454 seconds
  serena             E83_dataflow_perf_promotion      ok hit@None
INFO  2026-08-01 17:41:21,797 [MainThread] mcp.server.lowlevel.server:_handle_request:733 - Processing request of type CallToolRequest
INFO  2026-08-01 17:41:21,798 [MainThread] serena.task_executor:issue_task:217 - Scheduling Task-85:SearchForPatternTool
INFO  2026-08-01 17:41:21,896 [SerenaAgentTaskExecutor] serena.task_executor:_process_task_queue:139 - Starting execution of Task-85:SearchForPatternTool
INFO  2026-08-01 17:41:21,897 [Task-85:SearchForPatternTool] serena.task_executor:start:329 - Task-85:SearchForPatternTool starting ...
INFO  2026-08-01 17:41:21,897 [Task-85:SearchForPatternTool] serena.tools.tools_base:_log_tool_application:279 - search_for_pattern: substring_pattern='how does the workspace contract graph end up feeding the cross-repo blast-radius directive in get_risk', context_lines_before=0, context_lines_after=0, paths_include_glob='', paths_exclude_glob='', relative_path='.', restrict_search_to_code_files=False, multiline=True, max_answer_chars=-1, session_id='253c6dc0440'; session_id: 253c6dc0440
INFO  2026-08-01 17:41:22,471 [Task-85:SearchForPatternTool] serena.util.text_utils:search_files:319 - Processing 3493 files.
INFO  2026-08-01 17:41:23,346 [Task-85:SearchForPatternTool] serena.util.text_utils:search_files:360 - Found 0 total matches across 3493 files
INFO  2026-08-01 17:41:23,347 [Task-85:SearchForPatternTool] serena.tools.tools_base:task:410 - Result: {}
INFO  2026-08-01 17:41:23,347 [Task-85:SearchForPatternTool] serena.task_executor:stop:336 - Task-85:SearchForPatternTool completed in 1.451 seconds
  serena             E84_contract_cross_repo_blast    ok hit@None
INFO  2026-08-01 17:41:23,350 [MainThread] mcp.server.lowlevel.server:_handle_request:733 - Processing request of type CallToolRequest
INFO  2026-08-01 17:41:23,350 [MainThread] serena.task_executor:issue_task:217 - Scheduling Task-86:SearchForPatternTool
INFO  2026-08-01 17:41:23,449 [SerenaAgentTaskExecutor] serena.task_executor:_process_task_queue:139 - Starting execution of Task-86:SearchForPatternTool
INFO  2026-08-01 17:41:23,449 [Task-86:SearchForPatternTool] serena.task_executor:start:329 - Task-86:SearchForPatternTool starting ...
INFO  2026-08-01 17:41:23,450 [Task-86:SearchForPatternTool] serena.tools.tools_base:_log_tool_application:279 - search_for_pattern: substring_pattern='how does the page-dependency cascade builder end up scoping which pages the CLI generate command regenerates', context_lines_before=0, context_lines_after=0, paths_include_glob='', paths_exclude_glob='', relative_path='.', restrict_search_to_code_files=False, multiline=True, max_answer_chars=-1, session_id='253c6dc0440'; session_id: 253c6dc0440
INFO  2026-08-01 17:41:24,012 [Task-86:SearchForPatternTool] serena.util.text_utils:search_files:319 - Processing 3493 files.
INFO  2026-08-01 17:41:24,872 [Task-86:SearchForPatternTool] serena.util.text_utils:search_files:360 - Found 0 total matches across 3493 files
INFO  2026-08-01 17:41:24,873 [Task-86:SearchForPatternTool] serena.tools.tools_base:task:410 - Result: {}
INFO  2026-08-01 17:41:24,873 [Task-86:SearchForPatternTool] serena.task_executor:stop:336 - Task-86:SearchForPatternTool completed in 1.424 seconds
  serena             E85_cascade_scopes_generate      ok hit@None
INFO  2026-08-01 17:41:24,877 [MainThread] serena.mcp:server_lifespan:415 - MCP server shutting down
INFO  2026-08-01 17:41:24,877 [MainThread] serena.agent:on_shutdown:1432 - SerenaAgent is shutting down ...
INFO  2026-08-01 17:41:24,877 [MainThread] serena.agent:on_shutdown:1434 - Shutting down active project 'r5-serena' ...
INFO  2026-08-01 17:41:24,877 [MainThread] serena.ls_manager:_stop_language_server:238 - Stopping language server for language python ...
INFO  2026-08-01 17:41:24,878 [MainThread] solidlsp.ls_process:stop:229 - Initiating shutdown with a 2.0s timeout...
INFO  2026-08-01 17:41:24,878 [Thread-2944 (_send_shutdown)] solidlsp.ls_process:_send_shutdown:240 - Sending shutdown request to server
INFO  2026-08-01 17:41:24,880 [Thread-2944 (_send_shutdown)] solidlsp.ls_process:_send_shutdown:242 - Received shutdown response from server
INFO  2026-08-01 17:41:24,880 [Thread-2944 (_send_shutdown)] solidlsp.ls_process:_send_shutdown:243 - Sending exit notification to server
INFO  2026-08-01 17:41:24,880 [Thread-2944 (_send_shutdown)] solidlsp.ls_process:_send_shutdown:245 - Sent exit notification to server
INFO  2026-08-01 17:41:24,894 [LSP-stdout-reader:python] solidlsp.ls_process:_read_ls_process_stdout:621 - Language server stdout reader thread has terminated
INFO  2026-08-01 17:41:24,894 [LSP-stderr-reader:python] solidlsp.ls_process:_read_ls_process_stderr:648 - Language server stderr reader thread has terminated
INFO  2026-08-01 17:41:24,894 [MainThread] solidlsp.util.subprocess_util:terminate_process_tree_with_kill_fallback:265 - LS[python] terminated successfully with exit code 15.

=== summary ===
{
  "repowise": {
    "n": 83,
    "errors": 0,
    "tool_absent": 0,
    "MRR": 0.6434,
    "recall@1": 0.5663,
    "recall@3": 0.7108,
    "recall@5": 0.759,
    "recall@10": 0.7711
  },
  "codegraph": {
    "n": 84,
    "errors": 0,
    "tool_absent": 0,
    "MRR": 0.4299,
    "recall@1": 0.369,
    "recall@3": 0.4524,
    "recall@5": 0.5119,
    "recall@10": 0.5952
  },
  "graphify": {
    "n": 84,
    "errors": 0,
    "tool_absent": 0,
    "MRR": 0.539,
    "recall@1": 0.4167,
    "recall@3": 0.619,
    "recall@5": 0.6905,
    "recall@10": 0.7619
  },
  "code-review-graph": {
    "n": 84,
    "errors": 0,
    "tool_absent": 0,
    "MRR": 0.5933,
    "recall@1": 0.5119,
    "recall@3": 0.6429,
    "recall@5": 0.7143,
    "recall@10": 0.7381
  },
  "serena": {
    "n": 84,
    "errors": 0,
    "tool_absent": 0,
    "MRR": 0.0,
    "recall@1": 0.0,
    "recall@3": 0.0,
    "recall@5": 0.0,
    "recall@10": 0.0
  }
}
